hashtags,Count,HashtagSentiment,Directed
#Trump,1435,,
#Hillary,788,,
#,499,,
#MAGA,452,Positive,T
#debate,409,,
#NeverTrump,229,Negative,T
#trump,225,,
#ImWithHer,214,Positive,H
#news,133,,
#TrumpTrain,130,Positive,T
#VPDebate,123,,
#Election2016,119,,
#Donald,116,,
#tcot,113,Positive,T
#TrumpPence16,101,Positive,T
#News,94,,
#Debate,89,,
#NeverHillary,87,Negative,H
#p2,85,,
#hillary,82,,
#Trump2016,82,Positive,T
#BasementDwellers,82,,
#Clinton,76,,
#CNN,75,,
#TRUMP,74,,
#8217,65,,
#cnn,65,,
#GOP,64,Positive,T
#debates,64,,
#hardball,63,,
#MakeAmericaGreatAgain,61,Positive,T
#politics,60,,
#DumpTrump,58,Negative,T
#via,57,,
#DonaldTrump,57,,
#msnbc,54,,
#TrumpTapes,49,Negative,T
#maga,48,,
#HillaryClinton,45,,
#UniteBlue,44,,
#AmericaFirst,41,,
#BREAKING,40,,
#TrumpTape,40,,
#StrongerTogether,36,Positive,H
#foxnews,36,,
#nyt,35,,
#CrookedHillary,35,Negative,H
#TrumpPence2016,35,Positive,T
#Debates2016,35,,
#trumptrain,34,,
#USA,34,,
#donaldtrump,33,,
#HillaryBecause,33,,
#8230,32,,
#nevertrump,31,,
#wapo,31,,
#VoteTrump,31,,
#TCOT,31,,
#BillyBush,31,,
#debatenight,31,,
#Hardball,30,,
#imwithher,30,,
#WakeUpAmerica,30,,
#PJNET,29,,
#Politics,28,,
#election2016,28,,
#PresidentialDebate,28,,
#PodestaEmails,27,,
#NewsInTweets,27,,
#tytlive,27,,
#ctl,27,,
#TIME,26,,
#ncpol,26,,
#TrumpDrSeuss,26,,
#Periscope,25,,
#MSNBC,25,,
#SmartNews,25,,
#nbc,25,,
#MSM,24,,
#trending,24,,
#nhsen,24,,
#feedly,23,,
#HILLARY,23,,
#nhpolitics,23,,
#video,22,,
#utm_source,22,,
#TrumpTaxes,22,,
#RT,22,,
#PTSD,21,,
#veterans,21,,
#Wikileaks,21,,
#debate2016,21,,
#BasketOfDeplorables,20,,
#POTUS,20,,
#FoxNews,20,,
#Deplorables,20,,
#Obama,19,,
#BlackLivesMatter,19,,
#HurricaneMatthew,19,,
#trump2016,19,,
#wikileaks,19,,
#DebateNight,19,,
#BillClinton,19,,
#BBCBreaking,18,,
#Benghazi,18,,
#TrumpRally,18,,
#realdonaldtrump,18,,
#WikiLeaks,18,,
#military,17,,
#BigLeagueTruth,17,,
#Hillary2016,17,,
#HillaryForPrison,17,,
#The_,17,,
#3Novices,16,,
#Bernie,16,,
#cdnpoli,16,,
#SocialMedia,16,,
#CandidatesDebateWalkoutMusic,16,,
#FeelTheBern,16,,
#WSJ,16,,
#039,16,,
#BreakingNews,16,,
#VoteBlue,16,,
#IntellectualTrump,16,,
#DonTheCon,16,,
#HillarysHealth,15,,
#NeverTrumpOrHillary,15,,
#newtgingrich,15,,
#Debates,15,,
#Ohio,15,,
#Hollywood,15,,
#FreeRicky,15,,
#LVN,15,,
#realbencarson,15,,
#oreillyfactor,15,,
#army,14,,
#BernieSanders,14,,
#8216,14,,
#SNL,14,,
#airforce,14,,
#Uncategorized,14,,
#pjnet,14,,
#dumptrump,14,,
#usmc,14,,
#tech,14,,
#navy,14,,
#gop,13,,
#ncgov,13,,
#America,13,,
#npr,13,,
#greta,13,,
#realDonaldTrump,13,,
#Vote,13,,
#PodestaEmails5,13,,
#WhyWomenDontReport,13,,
#media,13,,
#latest,13,,
#bernie,13,,
#Campaign2016,13,,
#Sarahpalin,13,,
#repealthe19th,13,,
#auspol,13,,
#ccot,12,,
#neverhillary,12,,
#ICID,12,,
#PodestaEmails2,12,,
#Guccifer2,12,,
#HRC,12,,
#ClintonKaine,12,,
#LockHerUp,12,,
#WhenIWas12IThought,12,,
#TrumpsArmy,12,,
#music,12,,
#NEWS,12,,
#2,12,,
#Pennsylvania,11,,
#Sydney,11,,
#Pence,11,,
#AlwaysTrump,11,,
#Podesta,11,,
#vote,11,,
#ap,11,,
#GaryJohnson,11,,
#MAGA3X,11,,
#election,11,,
#tlot,11,,
#Deplorable,11,,
#Florida,11,,
#nhdebate,11,,
#Business,11,,
#PA,11,,
#business,11,,
#WomenWhoVoteTrump,11,,
#ncsen,10,,
#women,10,,
#TrumpStrong,10,,
#clinton,10,,
#celebrity,10,,
#XaniaTube,10,,
#entertainment,10,,
#hiphop,10,,
#Reuters,10,,
#Entertainment,10,,
#NEVERTRUMP,9,,
#MichelleObama,9,,
#RedNationRising,9,,
#basementdwellers,9,,
#2A,9,,
#hollywood,9,,
#TrumpPence,9,,
#USElection,9,,
#p2b,9,,
#socialmedia,9,,
#Trending,9,,
#DNC,9,,
#trumptapes,9,,
#uniteblue,9,,
#poll,9,,
#RGP,8,,
#Newsonline,8,,
#fb,8,,
#WTF,8,,
#NYC,8,,
#funny,8,,
#MuslimsReportStuff,8,,
#Breaking,8,,
#Reno,8,,
#taxes,8,,
#Republicans,8,,
#BlacksForTrump,8,,
#ImScaredIn4Words,8,,
#FBI,8,,
#Debate2016,8,,
#utpol,8,,
#deplorable,8,,
#3,8,,
#Colorado,8,,
#JillStein,8,,
#038,8,,
#HillYes,8,,
#misogyny,8,,
#MikePence,8,,
#1,8,,
#StopTrump,8,,
#topprog,8,,
#Media,8,,
#enews,7,,
#Republican,7,,
#HackingHillary,7,,
#WVGovDebate,7,,
#OnTheRecord,7,,
#bbcqt,7,,
#39,7,,
#LGBT,7,,
#ieWorld,7,,
#repealthe19,7,,
#ChooseCruz,7,,
#HillaryVsTrump,7,,
#copolitics,7,,
#Democrats,7,,
#cbs,7,,
#TopProg,7,,
#dtmag,7,,
#VPdebate,7,,
#Catholic,7,,
#ndtv,7,,
#Imwithher,7,,
#Veterans,7,,
#Women,7,,
#CruzCrew,7,,
#Sanders2016,7,,
#LetGaryDebate,6,,
#World,6,,
#Syria,6,,
#NYT,6,,
#Celebrity,6,,
#wiright,6,,
#Millennials,6,,
#SnifferDon,6,,
#Maga,6,,
#RejectedLadyGagaOutfits,6,,
#POTUS2016,6,,
#Putin,6,,
#SickHillary,6,,
#feelthebern,6,,
#lnyhbt,6,,
#TrumpTaxReturns,6,,
#finance,6,,
#US,6,,
#1USNews,6,,
#hillaryclinton,6,,
#marketing,6,,
#mashable,6,,
#Tcot,6,,
#Kaine,6,,
#Follow,6,,
#Playboy,6,,
#ICYMI,6,,
#world,6,,
#WomenForTrump,6,,
#WomenDontReport,6,,
#OuijaMovie,6,,
#WashUdebate2016,6,,
#democrats,6,,
#PornDon,6,,
#deplorables,6,,
#debates2016,6,,
#China,6,,
#DemExit,6,,
#PodestaEmails7,6,,
#wvgovdebate,6,,
#Never,6,,
#Unbranded,6,,
#Music,6,,
#TNTweeters,6,,
#PresidentialElection,6,,
#2016,6,,
#musicnews,6,,
#tgdn,6,,
#JillNotHill,6,,
#TV,6,,
#ClintonKaine2016,6,,
#TrumpLies,6,,
#Trump16,6,,
#FollowTheMoney,6,,
#UnfitToLead,6,,
#TopStories,6,,
#PredatorDon,6,,
#uk,6,,
#Liberal,6,,
#celebs,5,,
#Jobs,5,,
#TeamTrump,5,,
#EvanMcMullin,5,,
#bhramabull,5,,
#WeThePeople,5,,
#Bill,5,,
#itweetFEEDS,5,,
#Decision2016,5,,
#journalism,5,,
#Marketing,5,,
#millennials,5,,
#reddit,5,,
#Russia,5,,
#TPP,5,,
#Wisconsin,5,,
#np,5,,
#Hypocrite,5,,
#notokay,5,,
#gossip,5,,
#Twitterverse,5,,
#CWTB,5,,
#NC,5,,
#RyderCup,5,,
#TU,5,,
#NCGov,5,,
#SaxWednesdays,5,,
#TrumpNews,5,,
#TrumpsAmerica,5,,
#CCOT,5,,
#ClintonScandals,5,,
#UKtelegraph,5,,
#TrusTed,5,,
#Email,5,,
#I,5,,
#NFL,5,,
#NH,5,,
#followback,5,,
#ConnectTheLeft,5,,
#Branding,5,,
#maddow,5,,
#ff,5,,
#MoreElectableThanTrump,5,,
#YourAnonNews,5,,
#wiunion,5,,
#KansasPlot,5,,
#PDMFNB,5,,
#Followme,5,,
#NewYork,5,,
#NoTrump,5,,
#VOTE,5,,
#AP,5,,
#trumppence16,5,,
#debatetonight,5,,
#H2H4Trump,5,,
#PussyGate,5,,
#LiberalsUnite,5,,
#wsj,5,,
#wtf,5,,
#breakingnews,5,,
#2016Election,5,,
#elections2016,5,,
#Africa,5,,
#IfTrumpAndHillaryHookedUp,5,,
#PodestaLeak,5,,
#donald,5,,
#climatechange,5,,
#Libya,5,,
#Vets,5,,
#bbc,5,,
#crookedhillary,5,,
#538,5,,
#tax,5,,
#Video,5,,
#EMM,4,,
#CBS,4,,
#Mashable,4,,
#NextFakeTrumpVictim,4,,
#McMullinFinn,4,,
#NEVERHILLARY,4,,
#TheApprentice,4,,
#nznews,4,,
#nytimes,4,,
#TrumpVsClinton,4,,
#Trumpquit,4,,
#Finance,4,,
#LovelandTrump,4,,
#bbctw,4,,
#gopdebate,4,,
#topnews,4,,
#1u,4,,
#WSHH,4,,
#gay,4,,
#billybush,4,,
#PrayForFlorida,4,,
#SoundCloud,4,,
#Matthew,4,,
#Angel_x18,4,,
#comedy,4,,
#American,4,,
#technology,4,,
#Hannity,4,,
#djskinamaxx,4,,
#SNLPremiere,4,,
#tkinder,4,,
#DNCLeak,4,,
#CLINTON,4,,
#GoogleAlerts,4,,
#teaparty,4,,
#SpecialReport,4,,
#TRUMP2016,4,,
#ThePlexusPrepper,4,,
#TrumpDonald,4,,
#LibCrib,4,,
#ODPDinner16,4,,
#2016_Presidential_Race,4,,
#Truth,4,,
#morningjoe,4,,
#KenBoneFacts,4,,
#uspoli,4,,
#a1,4,,
#mentalhealth,4,,
#Skibabs360,4,,
#Trumptrain,4,,
#bloomberg,4,,
#viral,4,,
#vote2016,4,,
#Corrupt,4,,
#CorruptHillary,4,,
#TrumpRape,4,,
#lol,4,,
#hillarytapes,4,,
#london,4,,
#TrumpinCuba,4,,
#Dobbs,4,,
#movies,4,,
#PaulRyan,4,,
#Sanders,4,,
#GN,4,,
#PodestaEmails3,4,,
#DuckingDonald,4,,
#NewslyTweet,4,,
#ChristiChat,4,,
#Drumpf,4,,
#cnbc,4,,
#newzealand,4,,
#Cincinnati,4,,
#newyork,4,,
#VoteTrumpPence16,4,,
#TheWeek,4,,
#mustread,4,,
#ClanGutah,4,,
#Twitter,4,,
#ImWithYou,4,,
#ModiMinistry,4,,
#ncdebate,4,,
#Clinton2016,4,,
#ClintonCages,4,,
#MissUniverse,4,,
#DirtyDancing,4,,
#HillaryHatesAmericans,4,,
#grabgate,4,,
#loser,4,,
#BlackTwitter,4,,
#TeaParty,4,,
#inners,4,,
#sad,4,,
#s,4,,
#WallStreet,4,,
#NationalComingOutDay,4,,
#Taxes,4,,
#storylink,4,,
#PublicRelations,4,,
#TcoT,4,,
#insiders,4,,
#RepealThe19th,4,,
#quote,4,,
#WWE,4,,
#WellingtonHere,4,,
#racist,4,,
#Democrat,4,,
#JohnsonWeld2016,4,,
#Evangelicals,4,,
#TeamHillary,4,,
#RNC,4,,
#retweet,4,,
#realestate,4,,
#MakeMeSmileIn3Words,4,,
#respect,4,,
#YouTube,4,,
#Demexit,4,,
#FL,4,,
#smh,4,,
#1248,4,,
#NINews,4,,
#BernerGate,4,,
#130,4,,
#prolife,4,,
#OnHillarysTeleprompter,4,,
#truth,3,,
#GOTV,3,,
#trumpvshillary,3,,
#imwither,3,,
#FLOTUS,3,,
#AK,3,,
#TrumpinAZ,3,,
#Style,3,,
#VPDebates,3,,
#never,3,,
#Melania,3,,
#BillClintonIsARapist,3,,
#TrumpTownHall,3,,
#SteinBaraka,3,,
#Indiana,3,,
#PaginaNuova,3,,
#Dems,3,,
#tv,3,,
#Haiti,3,,
#DC,3,,
#USLatino,3,,
#FB,3,,
#neverTrump,3,,
#_juliannemoore,3,,
#incart_2box,3,,
#NorthCarolina,3,,
#TrumpCrimes,3,,
#vpdebate,3,,
#nfl,3,,
#VoteYourConscience,3,,
#immigration,3,,
#OffScriptOn9,3,,
#hiphopnews,3,,
#TicTacs,3,,
#NYCnowApp,3,,
#smallbiz,3,,
#trumptaxreturns,3,,
#GroperInChief,3,,
#FLX,3,,
#newsnetwork,3,,
#DEM,3,,
#Money,3,,
#Graphicdesign,3,,
#RIPJournalism,3,,
#ClimateChange,3,,
#SuperPredator,3,,
#Gossip,3,,
#Racist,3,,
#God,3,,
#GCC,3,,
#JoanRD_,3,,
#TrumpInCuba,3,,
#HillaryBecuase,3,,
#hotnews,3,,
#webdesign,3,,
#Server,3,,
#LatinosForTrump,3,,
#Gross,3,,
#Rapist,3,,
#a16,3,,
#PapersReportsReview,3,,
#vets,3,,
#sexism,3,,
#mepolitics,3,,
#VPdebate2016,3,,
#Utah,3,,
#LGBTQ,3,,
#RapeCulture,3,,
#Rape,3,,
#entrepreneur,3,,
#ObamaCare,3,,
#Washingtontimes,3,,
#TrumpDrSeus,3,,
#Smerconish,3,,
#market,3,,
#PJMedia,3,,
#wtp2010,3,,
#ShakesMyCore,3,,
#brisbane,3,,
#Islam,3,,
#RSBN,3,,
#911truth,3,,
#911Day,3,,
#NuclearDemolition,3,,
#PayToPlay,3,,
#PaulaJones,3,,
#GrabThemByThePussy,3,,
#Corrupcion,3,,
#NathanFillion,3,,
#USDebate,3,,
#infowars,3,,
#Patriots,3,,
#Unfit,3,,
#Home,3,,
#advertising,3,,
#clanceman65,3,,
#NationalPoetryDay,3,,
#DoubleStandard,3,,
#Seattle,3,,
#HillarysEmails,3,,
#wow,3,,
#RyderCup2016,3,,
#13thLiveTweet,3,,
#fromEvernote,3,,
#WhinyLittleBitch,3,,
#CNNKFile,3,,
#telegraph,3,,
#HipHop,3,,
#stupid,3,,
#U2,3,,
#Trumppence2016,3,,
#people,3,,
#Fashion,3,,
#TTT16,3,,
#FastCompany,3,,
#WhyMyCatsAJerk,3,,
#NBCNews,3,,
#worldnews,3,,
#strongertogether,3,,
#WNY,3,,
#Trumps,3,,
#The,3,,
#Linkedin,3,,
#DSNPolitics,3,,
#Economy,3,,
#Jerusalem,3,,
#Economics,3,,
#gapol,3,,
#breaking,3,,
#HillaryLeaks,3,,
#RuinADinnerInOnePhrase,3,,
#GrabEmByThePussy,3,,
#NEW,3,,
#StandUpWithEvan,3,,
#TopNews,3,,
#Elections_,3,,
#wipolitics,3,,
#TacoBowls,3,,
#RobertDeNiro,3,,
#Elections2016,3,,
#presidential,3,,
#Detroit,3,,
#VP,3,,
#presidentialdebate,3,,
#BusinessNews,3,,
#Westworld,3,,
#KeithOlbermann,3,,
#politics101,3,,
#jorgeramosnews,3,,
#LOL,3,,
#CBSNews,3,,
#winning,3,,
#NJ,3,,
#follow,3,,
#podestaemails,3,,
#amreading,3,,
#Debatenight,3,,
#TheFive,3,,
#ActOnClimate,3,,
#Americans,3,,
#ksleg,3,,
#Dunwoody,3,,
#nyc,3,,
#topstories,3,,
#AltRight,3,,
#NewHampshire,3,,
#TeamFollowBack,3,,
#FOX,3,,
#Delete,3,,
#Charlotte,3,,
#Hypocrisy,3,,
#notrump,3,,
#StayWoke,3,,
#PodestaEmails6,3,,
#OpDeny270,3,,
#TMZ,3,,
#ladygaga,3,,
#hypocrisy,3,,
#Quote,3,,
#Libertarian,3,,
#fashion,3,,
#BLM,3,,
#Dubai,3,,
#USPolitics,3,,
#NY,3,,
#YOGA,3,,
#Desperate,3,,
#startup,3,,
#Boston,3,,
#DOJ,3,,
#qld,3,,
#disgusting,3,,
#Politic,3,,
#allPolitics,3,,
#NRA,3,,
#Lies,3,,
#killary,3,,
#Opinion,3,,
#tiot,3,,
#LIE,3,,
#wral,3,,
#ocra,3,,
#BASEMENTDWELLERS,3,,
#WVgovdebate,3,,
#kitm,3,,
#StopRush,3,,
#a161,2,,
#StoneTear,2,,
#DirtyDonald,2,,
#GOPHandsOffMe,2,,
#TiffanyTrump,2,,
#GA,2,,
#comments,2,,
#KathyShelton,2,,
#hng,2,,
#conservative,2,,
#corrupthillary,2,,
#HI,2,,
#hollyrpeete,2,,
#Giuliani,2,,
#Disgusting,2,,
#idiot,2,,
#Timeline,2,,
#Studio10,2,,
#i,2,,
#LINE,2,,
#idiots,2,,
#JuanitaBroaddrick,2,,
#bbtw,2,,
#hungry,2,,
#Desperation,2,,
#HillaryNO,2,,
#GOPe,2,,
#Technology,2,,
#MSW,2,,
#ElectionPrediction,2,,
#flsen,2,,
#askgoonsquad,2,,
#follow4follow,2,,
#LockHimUp,2,,
#Emails,2,,
#TrendMasterNG,2,,
#Fact,2,,
#LoveTrumpsHate,2,,
#Tape,2,,
#Loveland,2,,
#TheAlexJonesChannel,2,,
#TYTlive,2,,
#TrekNotTrump,2,,
#TheCEOpundit,2,,
#Fuck,2,,
#TYTLive,2,,
#doublestandard,2,,
#ElectionFraud,2,,
#TheChoicePBS,2,,
#HesAPig,2,,
#LittleMortyTrump,2,,
#Election,2,,
#ftag,2,,
#Farage,2,,
#fukm,2,,
#TSCEnt,2,,
#future,2,,
#LukeCage,2,,
#ashmole,2,,
#KSATnews,2,,
#Love,2,,
#berners4trump,2,,
#FDT,2,,
#Headlines,2,,
#Loser,2,,
#FACT,2,,
#EyewitnessWV,2,,
#TechText,2,,
#Exposed,2,,
#KOT,2,,
#Tech,2,,
#f4f,2,,
#LoserDonald,2,,
#TeamKUKiiTO1,2,,
#LoserTrump,2,,
#fakeheadlinebot,2,,
#Europe,2,,
#familyvalues,2,,
#art,2,,
#elections,2,,
#artist,2,,
#Lockherup,2,,
#ErinBurnett,2,,
#FU,2,,
#StickTogether,2,,
#GaysForTrump,2,,
#Epstein,2,,
#TaxReturns,2,,
#economy,2,,
#TheGlovesAreOff,2,,
#LMAO,2,,
#djmissgem,2,,
#haiku,2,,
#LiarPence,2,,
#TBT,2,,
#TrekAgainstTrump,2,,
#JusticeForKatie,2,,
#MILLENNIALS,2,,
#Liar,2,,
#Free,2,,
#JusticeForJuanita,2,,
#culture,2,,
#FreeLoader,2,,
#MLB,2,,
#DonaldTrumpTwitter,2,,
#Trade,2,,
#SweetChristmas,2,,
#Karma,2,,
#DonaldChump,2,,
#TrumpRapist,2,,
#LegalBroadcastNetwork,2,,
#MO,2,,
#Ghanacelebrity,2,,
#hillaryforprison,2,,
#hillaryforprison2016,2,,
#hillaryhateAmericans,2,,
#creep,2,,
#crazy,2,,
#SuperPredators,2,,
#hillaryvstrump,2,,
#hannity,2,,
#DrMartyFox,2,,
#genius,2,,
#MI,2,,
#diversity,2,,
#berniesupporters,2,,
#gif,2,,
#EU,2,,
#HighTech,2,,
#TODAY,2,,
#LyingHillary,2,,
#chevycar,2,,
#alexjones,2,,
#Film,2,,
#dino_71pgh,2,,
#TheNightShift,2,,
#Libusters,2,,
#Halloween,2,,
#FlashbackFriday,2,,
#Liberty,2,,
#dems,2,,
#epicfail,2,,
#TrumpWins,2,,
#Dreammy,2,,
#Liberals,2,,
#TheWrap,2,,
#The_D,2,,
#greeterdan,2,,
#ME,2,,
#gross,2,,
#HillaryBecasue,2,,
#feminism,2,,
#yoo,2,,
#JoseDaviid13,2,,
#GraphicDesign,2,,
#t,2,,
#USpoli,2,,
#swansea,2,,
#News_Clash,2,,
#AskMen,2,,
#JSunNews,2,,
#Assange,2,,
#Assault,2,,
#USRC,2,,
#Progressive,2,,
#ProudToBePA,2,,
#style,2,,
#NewYorker,2,,
#NewYorkTimes,2,,
#BBC,2,,
#Pussygate,2,,
#start,2,,
#staged,2,,
#Quijoteando,2,,
#Newsweek,2,,
#Arizona,2,,
#USPresidentialDebate,2,,
#Presidential,2,,
#WIKILEAKS,2,,
#Google,2,,
#AmericaWasNeverGreat,2,,
#Gomez,2,,
#WLWT,2,,
#AmericansforCRUZ,2,,
#WNN7,2,,
#PotCallingTheKettleBlack,2,,
#Potus,2,,
#ImVoting4JillBecause,2,,
#thecloserwithkeitholbermann,2,,
#KenBone,2,,
#WPSUVote16,2,,
#WRH,2,,
#Anticipate,2,,
#NigerianDailyNews,2,,
#teamfollowback,2,,
#Apprentice,2,,
#taxreturns,2,,
#IllNeverBeTooOldTo,2,,
#Nevertrump,2,,
#boss,2,,
#scum,2,,
#WashingtonWire,2,,
#BernieOrBust,2,,
#saveamerica,2,,
#Navy,2,,
#NationalTacoDay,2,,
#rt,2,,
#USATODAY,2,,
#BillClintonIsRapist,2,,
#ISIS,2,,
#NYTimes,2,,
#IRespectAllWomen,2,,
#retail,2,,
#RegimeChange,2,,
#BizHour,2,,
#NWO,2,,
#NVTogether,2,,
#NV,2,,
#Religious80sBands,2,,
#BlueJays,2,,
#Washington,2,,
#scumbag,2,,
#solar,2,,
#seattle,2,,
#IfAnythingWerePossible,2,,
#RETWEET,2,,
#smallbusiness,2,,
#NeverTrumper,2,,
#USMC,2,,
#BUSINESS,2,,
#sickhillary,2,,
#ROIMentor,2,,
#NeverHillaryOrTrump,2,,
#BasemenDwellers,2,,
#RWNJAlert,2,,
#WarOnWomen,2,,
#sexist,2,,
#NeverGOP,2,,
#Idiots,2,,
#NeverForget,2,,
#NeverEverHillary,2,,
#Rally,2,,
#USElections2016,2,,
#NoTaxTrump,2,,
#America1st,2,,
#rape,2,,
#Investing,2,,
#watch,2,,
#VA,2,,
#VeteransforTrump,2,,
#wallstreet,2,,
#OhSen,2,,
#38,2,,
#wadr,2,,
#3JAiHfAgO056,2,,
#OctoberSurprise,2,,
#3rdPartyDebate,2,,
#4,2,,
#420,2,,
#vivian,2,,
#Iowa,2,,
#4ldqpgc,2,,
#videogames,2,,
#victoria,2,,
#OWS,2,,
#OTD,2,,
#2nd,2,,
#POLITICS,2,,
#OR,2,,
#24Hours,2,,
#135,2,,
#Oregon,2,,
#Ouch,2,,
#Insiders,2,,
#OutFront,2,,
#Oy,2,,
#Instapundit,2,,
#VOTETrump,2,,
#PA16,2,,
#wisgop,2,,
#blocked,2,,
#wikileaks10,2,,
#wi,2,,
#1uVote,2,,
#VIDEO,2,,
#Veteran,2,,
#2016_Election,2,,
#2016_Elections_,2,,
#2016election,2,,
#Virginia,2,,
#OK,2,,
#ItsOnlyTrueLoveIf,2,,
#UnfitForOffice,2,,
#ATS,2,,
#AZ,2,,
#VoteTrumpUSA,2,,
#trumphotel,2,,
#books,2,,
#PodestaEmail,2,,
#Nobama,2,,
#PodestaEmail3,2,,
#trump16,2,,
#VoterFraud,2,,
#Age,2,,
#PodestaEmails4,2,,
#AlGore,2,,
#PodestaEmails8,2,,
#All,2,,
#WADR,2,,
#Allianz_Global_Investors_Infrastructure_,2,,
#topoli,2,,
#AlwaysAFanOf,2,,
#PhotoshopINFO,2,,
#NotOK,2,,
#OITNB,2,,
#AR,2,,
#OHVotesEarly,2,,
#uwua,2,,
#OHHillYes,2,,
#6,2,,
#usnews,2,,
#Pathetic,2,,
#OH,2,,
#us,2,,
#7yearoracalvinyl,2,,
#VoteGreen,2,,
#Israel,2,,
#AC360,2,,
#tuu,2,,
#AI,2,,
#Perez_Hilton,2,,
#ALDS,2,,
#Gotham,2,,
#Perv,2,,
#NotOkay,2,,
#independents,2,,
#rapeculture,2,,
#BlueLivesMatter,2,,
#SexualAssault,2,,
#melaniatrump,2,,
#ConservativeRead,2,,
#Conservatives,2,,
#SexualMisconduct,2,,
#Millenials,2,,
#JillnotHill,2,,
#Military,2,,
#manBaby,2,,
#CorruptMSM,2,,
#makeatwitterbot,2,,
#SharonMcCutchan,2,,
#makeamericagreatagain,2,,
#Corruption,2,,
#ShaunKing,2,,
#SheWon,2,,
#MikeHuckabee,2,,
#ShesWithUs,2,,
#WorldT,2,,
#WorldTeachersDay,2,,
#melbourne,2,,
#WorldMentalHealthDay,2,,
#Michigan,2,,
#Mimmer,2,,
#bias,2,,
#ClintonCorruption,2,,
#ScottNevins,2,,
#Scottish,2,,
#musicvideo,2,,
#ClintonFoundation,2,,
#ClintonRape,2,,
#SenJohnMcCain,2,,
#Clown,2,,
#CmonMan,2,,
#Seo,2,,
#Columbus,2,,
#mlong42947,2,,
#mktg,2,,
#Setting4Success,2,,
#Comey,2,,
#Sexism,2,,
#JillStein2016,2,,
#Congress,2,,
#lovetrumpshate,2,,
#Trumptapes,2,,
#ClintonBodyCount,2,,
#YUGE,2,,
#DJT,2,,
#DNCLeaks,2,,
#HipHopNews,2,,
#DONALD,2,,
#kellyripa,2,,
#YasminMitri,2,,
#DUMPTRUMP,2,,
#Soros,2,,
#MassiveCollusion,2,,
#HillarysTaxes,2,,
#johnmccain,2,,
#York,2,,
#javascript,2,,
#Market,2,,
#YouDontSay,2,,
#DefendThisDonald,2,,
#JonathanBoniiDice,2,,
#integrity,2,,
#Democratic,2,,
#DJMissGem,2,,
#DFW,2,,
#Cringe,2,,
#DEPLORABLE,2,,
#HollywoodDivas,2,,
#Crooked,2,,
#CrookedClinton,2,,
#Trumpstory,2,,
#lockherup,2,,
#CrookedHilary,2,,
#lies,2,,
#Mexico,2,,
#libertarian,2,,
#TrumpsSexTape,2,,
#Cruz,2,,
#Culture,2,,
#Merica,2,,
#MentalHealth,2,,
#D,2,,
#learntocode,2,,
#D1,2,,
#D15,2,,
#SnortingDon,2,,
#RememberInNovember,2,,
#ClintonCash,2,,
#WomenVote,2,,
#IApolitics,2,,
#IMHO,2,,
#popmusicstuff,2,,
#KondoByJaymOnI,2,,
#UGA,2,,
#UFC204,2,,
#buzz,2,,
#WheresHRCVoters,2,,
#RudyGiuliani,2,,
#CNBC,2,,
#IG,2,,
#NCPol,2,,
#pig,2,,
#photography,2,,
#bigleaguetruth,2,,
#petersburg,2,,
#CO,2,,
#pence,2,,
#JerryFalwellJr,2,,
#CTL,2,,
#post,2,,
#BukanGila,2,,
#UNC,2,,
#ReproRights,2,,
#IPutMyFootDownWhen,2,,
#BobRae48,2,,
#KellyannePolls,2,,
#NP,2,,
#INSIDERS,2,,
#Repost,2,,
#pussygrabber,2,,
#ReproJustice,2,,
#puregold,2,,
#NEVERtrump,2,,
#JaneInspiresMe,2,,
#Breaking_News,2,,
#BreakupWithYourCellPhone,2,,
#press,2,,
#president,2,,
#RiggedSystem,2,,
#predator,2,,
#RightMind,2,,
#MoBetter,2,,
#Typography,2,,
#palin,2,,
#Chicago,2,,
#CentralPark5,2,,
#TrumpFoundation,2,,
#SVU,2,,
#SWVA,2,,
#Moscow,2,,
#Cheater,2,,
#SaintPetersburg,2,,
#SamanthaBee,2,,
#Sandown,2,,
#Celebs,2,,
#Chirp,2,,
#SandyHermannJ,2,,
#ChrisWallace,2,,
#Jewish,2,,
#nhgov,2,,
#WomenCanStopTrump,2,,
#ChuckNellis,2,,
#Satire,2,,
#NAFTA,2,,
#Winning,2,,
#obama,2,,
#CelebrityApprenticeLeaks,2,,
#Two,2,,
#Campaign,2,,
#CandidateDebatesWalkoutMusic,2,,
#orlando,2,,
#MyVote,2,,
#SMH,2,,
#WikiLeak,2,,
#ontherecord,2,,
#Muslims,2,,
#bee,2,,
#Muslim,2,,
#Cavs,2,,
#Ccot,2,,
#Music_Newss,2,,
#Celebrities,2,,
#of,2,,
#IA,2,,
#KenBone2016,1,,
#KellyFile,1,,
#Kazi,1,,
#KeepItGoing,1,,
#KeeganAllen,1,,
#KellyanneConwayStatementTemplate,1,,
#Jill,1,,
#KayleighMcenany,1,,
#KatyTurNBC,1,,
#JailTrump,1,,
#JailforDonald,1,,
#JamesRossBooks,1,,
#Jamie,1,,
#Janesville,1,,
#JanetB10750681,1,,
#Jarrett,1,,
#JavierAugusto65,1,,
#JawaunforPresident,1,,
#JehJohnson,1,,
#Jeopardy,1,,
#JerryFalwell,1,,
#JessicaLeeds,1,,
#Jesus,1,,
#JewsChooseTrump,1,,
#Jihadi,1,,
#Kerry,1,,
#JailHer,1,,
#JackBPR,1,,
#JOHNSONWeld,1,,
#IssuesNotDrama,1,,
#Inspirational,1,,
#International,1,,
#IoT,1,,
#IranMullahs,1,,
#Iraq,1,,
#Isis,1,,
#Islamophobia,1,,
#It,1,,
#JOBSjobsJOBS,1,,
#ItsAParodyAccount,1,,
#Itsgodswill,1,,
#Ivana,1,,
#Ivanka,1,,
#IvankaTrump,1,,
#J2150E,1,,
#JJ7YIlxrk05z,1,,
#JillHarth,1,,
#Jillnothill,1,,
#Jim_Peoples_,1,,
#KSJDnews,1,,
#KELONews,1,,
#KFILE,1,,
#KFNX_Headlines,1,,
#KKKlinton,1,,
#KOOKY,1,,
#KRISTALLNACHT,1,,
#KS,1,,
#KY,1,,
#JustinBieberFollow,1,,
#KaineInPa,1,,
#KaineVsPence,1,,
#Kaines,1,,
#KanyeWest,1,,
#KanyeWestForPresident2020,1,,
#KathleenWilley,1,,
#KatyPerry,1,,
#KATV7,1,,
#JustinBieber,1,,
#Jina,1,,
#JournalismIsDead,1,,
#Jk,1,,
#JoanneCangal,1,,
#JobAdvice,1,,
#JodestaEmails,1,,
#JohnWick2,1,,
#JohnWickChapter2,1,,
#Johnson,1,,
#JourneyToHeaven,1,,
#JusticeforJuanita,1,,
#JuanDavidJoaquin2K16,1,,
#JudgeJeanine,1,,
#JudgeNapolitano,1,,
#JudicialWatch,1,,
#JullianAssange,1,,
#JusSoYouKnow,1,,
#JustHadOneJob,1,,
#KennyJacinta,1,,
#MarkiplierForPOTUS,1,,
#Keystone,1,,
#NEVERHillary,1,,
#NLU,1,,
#NLN,1,,
#NLDSGame4,1,,
#NHSen,1,,
#NHL,1,,
#NEVERfit,1,,
#NEVERTrustARepublican,1,,
#NEVERTrump,1,,
#NEVADA,1,,
#NOL,1,,
#NERVER,1,,
#NE,1,,
#NDPol,1,,
#ND,1,,
#NCpol,1,,
#NCSen,1,,
#NCSU,1,,
#NCSA,1,,
#NM,1,,
#NPR,1,,
#Khaatumo,1,,
#NationalFellowsFTW,1,,
#NeverHilary,1,,
#NeverForgetCP5,1,,
#NeverEverQuit,1,,
#NeverCrookedHillary,1,,
#NeverBenghaziHillary,1,,
#Nevada,1,,
#NehandaRadio,1,,
#Ne,1,,
#NationalBoyfriendDay,1,,
#NPRBarbershop,1,,
#Nashville,1,,
#NaranjaRA,1,,
#Naija,1,,
#Nafta,1,,
#NYPost,1,,
#NYFF,1,,
#NYDebate,1,,
#NSSLive,1,,
#NCGovDebate,1,,
#NCGOV,1,,
#NCDebate,1,,
#MissVenezuela,1,,
#MoreTrumpLies,1,,
#MoreToCome,1,,
#MoodyBluesApp,1,,
#Oops,1,,
#Monica,1,,
#MondayMotivation,1,,
#Monday,1,,
#MoheganSunArena,1,,
#MissTeenUSA,1,,
#NC4Trumphttps,1,,
#MissPiggy,1,,
#MissIndependant,1,,
#MissAmerica,1,,
#Misogyny,1,,
#MisogynistInChief,1,,
#MiskoRajovic,1,,
#Minorities,1,,
#MindBlown,1,,
#MorningInAmerica,1,,
#Morons,1,,
#MostRead,1,,
#MourningInAmerica,1,,
#NBC,1,,
#NBA,1,,
#NASCAR,1,,
#NAPFA16,1,,
#NAACP,1,,
#N,1,,
#Mystery,1,,
#MyLoudRadio,1,,
#MyGOP,1,,
#MyDumbArguement,1,,
#Mustread,1,,
#MumbaiInsider,1,,
#MrDane1982,1,,
#Mr,1,,
#MovingForward,1,,
#MovieNews,1,,
#MoveOn,1,,
#NeverHillaryBecause,1,,
#NeverHillaryorTrump,1,,
#NeverJill,1,,
#NukeEm,1,,
#ObamaFail,1,,
#ORPUW,1,,
#OHSportsGirl,1,,
#OHDEMS,1,,
#OASForPresident,1,,
#NutsandSluts,1,,
#Nutrition,1,,
#Nukes,1,,
#Now,1,,
#NotFitForPresident,1,,
#Notmypresident,1,,
#Notlogical,1,,
#Noticias,1,,
#Nothistype,1,,
#NotWithHim,1,,
#NotWhoWeAre,1,,
#NotPresidential,1,,
#NotOk,1,,
#ObamaTakesDownTrump,1,,
#Obamacare,1,,
#ObamasLegacy,1,,
#Occupy,1,,
#OnlyTRUMP,1,,
#OnlyInAmerica,1,,
#OnlyChoice,1,,
#OnlineMarketing,1,,
#OneEighty,1,,
#OnGuard,1,,
#Omaha,1,,
#OmPuri,1,,
#OldEnough,1,,
#OkHereWeGo,1,,
#Oink,1,,
#Ohiohere,1,,
#Ohiohe,1,,
#OhioVotesEarly,1,,
#OhekRqaQG05E,1,,
#OhSheri1,1,,
#OctoberSuprise,1,,
#NotHillary,1,,
#NotAllMen,1,,
#Ontherecord,1,,
#NewsBackstreet,1,,
#No2Both,1,,
#Nick1123581321,1,,
#NextOctoberHeadlines,1,,
#NextFakeVictim,1,,
#Newyorktimes,1,,
#Newsmax,1,,
#NewsWithEd,1,,
#NewsIglesia,1,,
#NewsAnchor,1,,
#NotAboutGender,1,,
#NewYorkDolls,1,,
#NewSpeak,1,,
#NewJersey,1,,
#New,1,,
#NeveryHillary,1,,
#NevereverTrump,1,,
#NeverWake,1,,
#NeverTrumporHillary,1,,
#NoBonk2016,1,,
#NoBruh,1,,
#NoExcuse,1,,
#NoGood,1,,
#Noshow,1,,
#Nook,1,,
#OnlyTrump,1,,
#NoWay,1,,
#NoWar,1,,
#NoUnoNil,1,,
#NoTrumpNoVote,1,,
#NoTrumpForPresident,1,,
#NoToTrump,1,,
#NoTeleprompter,1,,
#NoRedButton,1,,
#NoOn2,1,,
#NoOffense,1,,
#NoMoreWars,1,,
#NoMoreTraitors,1,,
#NoMoreNaders,1,,
#NoMercy,1,,
#MillennialsvsGenX,1,,
#MillennialTalk,1,,
#Millenialpatriots,1,,
#LiberalPoetry,1,,
#LiveEvents,1,,
#Live,1,,
#LittleHaiti,1,,
#LisaMurkowski,1,,
#LinkBuilding,1,,
#LindaLawrey,1,,
#Like,1,,
#LibertyUniversity,1,,
#LiberalLogic,1,,
#LeBron,1,,
#Libcrib,1,,
#LiarHillary,1,,
#LiarDonald,1,,
#LetsDraw,1,,
#Lester,1,,
#LeonardSimpsonTV,1,,
#LennonDay,1,,
#LeaderoftheDeplorables,1,,
#LiveOnFOX45,1,,
#LivingOnChi,1,,
#Lmao,1,,
#LoMasVisto,1,,
#LouisFarrakhan,1,,
#LouDobbsTonight,1,,
#Lost6B,1,,
#LoserDon,1,,
#LosAngelesTimes,1,,
#LosAngelesTi,1,,
#LosAnge,1,,
#LondonNews,1,,
#LondonEvents,1,,
#London,1,,
#LolitaExpress,1,,
#Lol,1,,
#Logan,1,,
#LockerRoomTalk,1,,
#LockerRoomFriday,1,,
#LockThemUp,1,,
#LockThatWitchUp,1,,
#LeadRight,1,,
#LawTalk16,1,,
#LowEnergy,1,,
#Klain,1,,
#LDS,1,,
#LBJ,1,,
#LBGTQ,1,,
#LAW,1,,
#LADIES_RULE,1,,
#LA,1,,
#KreepyKaine,1,,
#Kodacon,1,,
#Kittens4milk,1,,
#LawAndOrderSVU,1,,
#KingOfLies,1,,
#Kindle,1,,
#KimJongUn,1,,
#Kill,1,,
#KilLIARy,1,,
#Kiev,1,,
#KidsAgainstTrump,1,,
#Khatumo,1,,
#LI,1,,
#LIAR4HIRE,1,,
#LIVE,1,,
#LL,1,,
#Laughs,1,,
#LatinoVote,1,,
#Latestnews,1,,
#LatestNews,1,,
#Latest,1,,
#Lataine16,1,,
#LastTimeTrumpPaidTaxes,1,,
#LastTimeDonaldTrumpPaidTaxes,1,,
#Laptops,1,,
#Landslide,1,,
#LWC,1,,
#LULZ,1,,
#LSSC,1,,
#LSM,1,,
#LRH,1,,
#LNSM,1,,
#OpTrump,1,,
#Louisiana,1,,
#Lp_Maryana,1,,
#MillenialVoices,1,,
#OnlyTheStrong,1,,
#Maxinerunner,1,,
#Mavericks,1,,
#Matrix,1,,
#Matlin,1,,
#Massachusetts,1,,
#MarthaRaddatz,1,,
#Marquette,1,,
#Marlee,1,,
#MarkBurnett,1,,
#MakeNetherlandsGreatAgain,1,,
#MarisaDeactivatedParty,1,,
#MargaretSullivan,1,,
#ManyPeopleAreSayingDonaldTrumpWetsHisBed,1,,
#ManyPeopleAreSaying,1,,
#Manheim,1,,
#ManChild,1,,
#MammaMia,1,,
#MalasakitKo,1,,
#McCain,1,,
#McMullin2016,1,,
#MediaBias,1,,
#MediaCorruption,1,,
#MidWest,1,,
#Microsoft,1,,
#MichelleBachman,1,,
#Michelle,1,,
#MicheleBachmann,1,,
#Michele,1,,
#MicTroubles,1,,
#Miami,1,,
#MexicoVsNewZealand,1,,
#MexicanThing,1,,
#MexicanGardenersForTrump,1,,
#MeshelMichele,1,,
#MerriamWebster,1,,
#Mercer,1,,
#Meme,1,,
#Medicare,1,,
#MediaDemocratComplex,1,,
#MakeRoastsGreatAgain,1,,
#MakeItHappen,1,,
#LuckyTV,1,,
#MAGA3,1,,
#MICKEY,1,,
#MICHIGAN,1,,
#MICHELLEOBAMA,1,,
#MESdigital,1,,
#MD,1,,
#MARKETNEWS,1,,
#MAR4233FIU,1,,
#MAGAX3,1,,
#MAG,1,,
#MakeAmericaSexistAgain,1,,
#MA,1,,
#LymeDisease,1,,
#LyingLiberals,1,,
#LyingCrookedHillary,1,,
#Lying,1,,
#LyinTed,1,,
#LunesDeGanarSeguidores,1,,
#Luiis_3x,1,,
#MILF,1,,
#MISheCan,1,,
#MLBTradeDeadline,1,,
#MLBxFOX,1,,
#MakeAmericaRape,1,,
#MakeAmericaHateAgain,1,,
#MakeAmericaGropeAgain,1,,
#MakeAmericaGreat,1,,
#MakeAmericaGrea,1,,
#MakeAmericaGre,1,,
#MakeAmericaFakeAgain,1,,
#Make10YearOldsGreatAgain,1,,
#Madonna,1,,
#MTP,1,,
#MTGA,1,,
#MSMFail,1,,
#MSMBias,1,,
#MS,1,,
#MRbelzer,1,,
#MONAKatOILS,1,,
#MN,1,,
#MarzanoTrump,1,,
#GiveMoreThanTrump,1,,
#InsiderTweets,1,,
#CNNLatest,1,,
#CUBS,1,,
#CT,1,,
#CSA,1,,
#CRIMINALMINDSET,1,,
#CPC16,1,,
#CORRUPTMedia,1,,
#COLORADO,1,,
#COCHINO,1,,
#CNRapp,1,,
#CNNOutfront,1,,
#CNNMoney,1,,
#CNNKFILE,1,,
#CadenaDeSeguidores,1,,
#CNNBiasMSM,1,,
#CNETNews,1,,
#CNET,1,,
#CHRISTIANS,1,,
#CHOOOOOOOCHOOOOOOOOOOOO,1,,
#CHINA,1,,
#CDNPOLI,1,,
#CDLR,1,,
#CA,1,,
#BuzzCity,1,,
#ButStill,1,,
#Cabinet,1,,
#California,1,,
#BusinessIntelligence,1,,
#Cdnpoli,1,,
#CharlotteHornets,1,,
#CharlesBlow,1,,
#Chargers,1,,
#ChangeTheNarrative,1,,
#ChairmanDon,1,,
#CentralParkFive,1,,
#Central,1,,
#Celebuzz,1,,
#CelebritiesNews,1,,
#Celebr,1,,
#CelebRSSFeeds,1,,
#CavemansGreatestHits,1,,
#CallTrump,1,,
#CatholicsAgainstTrump,1,,
#Catholics,1,,
#CatherineHatf19,1,,
#CatGIF,1,,
#Castle2016,1,,
#Carson,1,,
#CarolSwain,1,,
#CarmineZozzora,1,,
#CaptainAmerica,1,,
#Cantwin,1,,
#Cancer,1,,
#BusinessWomen,1,,
#BusinessDisaster,1,,
#Checkmate,1,,
#Blacks,1,,
#Bono,1,,
#Bolby2K16,1,,
#BlueWave2016,1,,
#BlueWave,1,,
#BlueStates,1,,
#Bloomberg,1,,
#BloodClot,1,,
#Blm,1,,
#Blessed,1,,
#Bleach,1,,
#Blacks4Trump,1,,
#BlackForTrump,1,,
#BoomThereItIs,1,,
#BillyMadisonFaceA,1,,
#BillyBushTapeGate,1,,
#Billy,1,,
#BillsNation,1,,
#BillsFans,1,,
#BillionDollarLoozer,1,,
#BillRAPES,1,,
#BillIsARapist,1,,
#BillClintonisARapist,1,,
#BiggestRacist,1,,
#BiggestClownInAmerica,1,,
#Books,1,,
#Borders,1,,
#Bush,1,,
#BringBackBernie,1,,
#BurnNotice,1,,
#Burn,1,,
#Bullshit,1,,
#BuildThatWall,1,,
#BucksCounty,1,,
#BucketofLosers,1,,
#Brutal,1,,
#Broncos,1,,
#Bronco,1,,
#Brit,1,,
#BringItOn,1,,
#BrightSide,1,,
#Boycott,1,,
#Briefings,1,,
#Brexit,1,,
#BreastCancerAwareness,1,,
#Breaki,1,,
#BrainDead,1,,
#Brain,1,,
#Br,1,,
#BoycottU2,1,,
#BoycottSafeway,1,,
#BoycottFoxNews,1,,
#BoycottBono,1,,
#ChattanGypsy,1,,
#CheersNancy,1,,
#BigFan,1,,
#Crowdfunding,1,,
#D12,1,,
#CybreSecurity,1,,
#CutiePetunie,1,,
#CuteHillary,1,,
#CutTheRibbon,1,,
#CurtSchilling,1,,
#Ctnews,1,,
#Cruz2016,1,,
#Crutcher,1,,
#CrushTrump,1,,
#CruellaTrumpella,1,,
#CrookedTrump,1,,
#DE,1,,
#CrookedMedia,1,,
#CrookedFBI,1,,
#CrookedDOJ,1,,
#CrookedClintons,1,,
#Crooke,1,,
#CrisisOfCharacter,1,,
#CriminalsAndTraitorsInCharge,1,,
#Crimes,1,,
#CreepyKaine,1,,
#Creepy,1,,
#CreatedEqual,1,,
#DCnow,1,,
#DEBATE,1,,
#CrazyTimes,1,,
#DailyMail,1,,
#Deals,1,,
#DaysofOurLives,1,,
#DaygoBhrama,1,,
#DayOne,1,,
#DavidLetterman,1,,
#DarkSoulDonald,1,,
#DarHuddleston,1,,
#DallasStars,1,,
#Dallas,1,,
#Daisy123143,1,,
#Dailytweet,1,,
#Dail,1,,
#DENvsSD,1,,
#DUMPtrump,1,,
#DT,1,,
#DSNWeird,1,,
#DOUBLETROUBLE,1,,
#DONTHECON,1,,
#DNCleak,1,,
#DJTLoser,1,,
#DJTListened,1,,
#DISNEY,1,,
#DISASTER,1,,
#DESPERATION,1,,
#CreateTheUltimateFuture,1,,
#Crazy2016,1,,
#ChelasForTheBand,1,,
#CleanUPGovernment,1,,
#ClintonCrimeFamilyFd,1,,
#ClintonCrime,1,,
#ClintonCh,1,,
#ClintonCartel,1,,
#Clinton42,1,,
#Clinton20,1,,
#ClintEastwood,1,,
#Climatechange,1,,
#ClimateVoter,1,,
#ClimateChangeHoax,1,,
#Cliff,1,,
#Clean,1,,
#ClintonEmails,1,,
#Claire,1,,
#CivilWar,1,,
#CitizensUnited,1,,
#CincoDeMayo,1,,
#Christians,1,,
#Christian,1,,
#ChrisSuNoNo,1,,
#ChingateCabron,1,,
#ChildRapist,1,,
#ChildAbuse,1,,
#ChicagoTonight,1,,
#ClintonCrimes,1,,
#ClintonKarma,1,,
#Crazy,1,,
#Conservative,1,,
#CravenKelly,1,,
#CowboyNation,1,,
#CorruptMedia,1,,
#CorrectTheRecord,1,,
#Cooper,1,,
#CoolestDate,1,,
#CooCoo,1,,
#Conway,1,,
#ConvenientTiming,1,,
#ContinuouslyDisgusted,1,,
#ConsumerFinanceProtectionBureau,1,,
#Conman,1,,
#ClintonNewsNetwork,1,,
#Congressmen,1,,
#ConMan,1,,
#ComplexMag,1,,
#ComeOnMan,1,,
#Columus,1,,
#ColinKaepernick,1,,
#Coincidence,1,,
#CocaineTrump,1,,
#Cnn,1,,
#ClintonsCult,1,,
#ClintonVsTrump,1,,
#BigTex,1,,
#Beyonce,1,,
#InsidePoop,1,,
#7iOHs3KSE05C,1,,
#AAUWdebates,1,,
#AA,1,,
#9News,1,,
#87e7f7a6d242,1,,
#8221,1,,
#8220,1,,
#8212,1,,
#8211,1,,
#80s,1,,
#8,1,,
#7lEAzdnM7mq5,1,,
#7fb4cc4d5001,1,,
#AFaceInTheCrowd,1,,
#7Coders,1,,
#78694,1,,
#6thFan,1,,
#6W,1,,
#6A,1,,
#5fdc7ece2ac1,1,,
#5da0826a1fe4,1,,
#5b08443c2c9a,1,,
#5at630,1,,
#5a7bbb22279f,1,,
#5777,1,,
#AFP,1,,
#AJ_Rutten,1,,
#5729b3563320,1,,
#AbleistAbuseIs,1,,
#AgainstTrump,1,,
#AfterBern,1,,
#AfricanAmerican,1,,
#AfricaNewsRoom,1,,
#Ads,1,,
#AdrienneWhite,1,,
#Admits,1,,
#AdBranding,1,,
#AceNewsReport,1,,
#Accountant,1,,
#AbuseCulture,1,,
#AbhijeetBhattacharya,1,,
#AL,1,,
#AbeLincoln,1,,
#ATL,1,,
#ASU,1,,
#ASE,1,,
#ARIASJUSTINBIEBER,1,,
#APieceOfAss,1,,
#ANONYMOUS,1,,
#ANDROID,1,,
#AMericaFirst,1,,
#ALLin216,1,,
#ALCS,1,,
#576250135001,1,,
#50shadesofstupid,1,,
#Aides,1,,
#13hours,1,,
#1U,1,,
#1AllHearingEar,1,,
#1A,1,,
#19thAmendment,1,,
#19b166456d24,1,,
#18,1,,
#16,1,,
#15e0ec1f221c,1,,
#142,1,,
#13thfilm,1,,
#13th,1,,
#13TH,1,,
#1uWomen,1,,
#13NEWS,1,,
#13IBj6MdUgqw,1,,
#13Hours,1,,
#138ZyHESm05s,1,,
#12,1,,
#11MSNBC,1,,
#1126,1,,
#1047618,1,,
#1044982,1,,
#0V_GNNmHg05O,1,,
#000000000000,1,,
#1danytime,1,,
#20161108,1,,
#5,1,,
#37708c811643,1,,
#4wordstory,1,,
#4d19b6c36aa7,1,,
#4Horsewomen,1,,
#4Hillary,1,,
#49ers,1,,
#43cfa9e21635,1,,
#40865ab32c1f,1,,
#3weeksmore,1,,
#3rdparty,1,,
#3b6258b93320,1,,
#3DAL,1,,
#3732d1521fe4,1,,
#2016Curses,1,,
#37,1,,
#30For30,1,,
#30,1,,
#2k16,1,,
#2gBOGoaQuKTBS8q2,1,,
#2a579eda7375,1,,
#2LiveCrew,1,,
#22minutes,1,,
#212c31db6850,1,,
#2016presidentialrace,1,,
#2016POTUS,1,,
#Agreements,1,,
#Ailes,1,,
#Beyhive,1,,
#BILL,1,,
#BaitAndSwitch,1,,
#Back,1,,
#BURNTRUMP,1,,
#BTN11,1,,
#BRITHUMES,1,,
#BRILLANT,1,,
#BRILL,1,,
#BREAKINGNEWS,1,,
#BOY_A_MY,1,,
#BOYCOTT,1,,
#BOOM,1,,
#BIGLYING,1,,
#BanABC,1,,
#BIGLIAR,1,,
#BIGLEAGUETRUTH,1,,
#BIBLE,1,,
#BIAS,1,,
#BHS2016Pres,1,,
#BHRAMABULL,1,,
#BCnews,1,,
#BBOTT,1,,
#BBCQT,1,,
#BB4SP,1,,
#BB18,1,,
#Baldwin,1,,
#Bannon,1,,
#BAM,1,,
#Bengazi,1,,
#Bevin,1,,
#BetterThanThis,1,,
#BetterAmerica,1,,
#BetHipHopAwards,1,,
#BestComedyVine,1,,
#BernieSellsOut,1,,
#BernieOrJill,1,,
#BernieOrGreen,1,,
#BernieBros,1,,
#Bern4Trump,1,,
#BerkeleyIdeas,1,,
#BenAndJerrysNewFlavor,1,,
#BarackObama,1,,
#BeliEVEN,1,,
#BeingFrank,1,,
#Behavior,1,,
#BeLikeUtah,1,,
#BeExceptional,1,,
#Batman,1,,
#BasketofDeplorables,1,,
#BasketOfCorruption,1,,
#BasementDwel,1,,
#BarryHart7,1,,
#Baristas,1,,
#BAMAvsARK,1,,
#Az,1,,
#Alaska,1,,
#AmericaIsGreat,1,,
#AnotherBushEndorsement,1,,
#AnitaNelson,1,,
#Animals,1,,
#AngryVoters,1,,
#Andy,1,,
#AndreaMitchell,1,,
#AndersonCooper,1,,
#AmericanForumTV,1,,
#Americaisfkd,1,,
#AmericaPunked,1,,
#AmericaIsWoke,1,,
#AmericaIsAlreadyGreat,1,,
#AnselElgort,1,,
#America2016,1,,
#Amen,1,,
#AmbassadorStevens,1,,
#AmandaKnox,1,,
#Amaka_Ekwo,1,,
#AmILaughingOrCrying,1,,
#AlternativeRealityTV,1,,
#AllThingsConsidered,1,,
#AllLivesMatter,1,,
#AliciaMachado,1,,
#AlecBaldwin,1,,
#AnotherRedFlag,1,,
#AnthonyHamilton,1,,
#Ayotte,1,,
#Arrogant,1,,
#Axeliito_x3,1,,
#Axefiles,1,,
#Atlantic,1,,
#Astounding,1,,
#Asshat,1,,
#Assad,1,,
#AskTian,1,,
#AshcroftInAmerica,1,,
#AsBadAsTrump,1,,
#Artist,1,,
#Art,1,,
#ArrestHillary,1,,
#AntiAmerican,1,,
#Arpaio,1,,
#ArmingISIS,1,,
#Armageddon,1,,
#ArianneZucker,1,,
#ArchiveDay,1,,
#Aquinate,1,,
#AppleMusic,1,,
#AnythingButTrump,1,,
#AnyoneButHillary,1,,
#AntiWhites,1,,
#AntiChoice,1,,
#DeathSpiral,1,,
#DebateColdOpen,1,,
#DebbieWasserman,1,,
#HalleyBorderCol,1,,
#HateSpeech,1,,
#HateGroups,1,,
#Hate,1,,
#Hashtag,1,,
#HasBeen,1,,
#HaroldWNelson,1,,
#Harambe,1,,
#HappyAustralians,1,,
#HanSolo,1,,
#Hamilton,1,,
#HalloweenIn5Words,1,,
#Hack,1,,
#HatersGonnaHate,1,,
#HUMOR,1,,
#HOTTAKE,1,,
#HNHH,1,,
#HIllary,1,,
#HILLARY2016,1,,
#HILARYCLINTON,1,,
#HILARIOUS,1,,
#HELL,1,,
#HEALTH,1,,
#HCSOdebate,1,,
#Gus_802,1,,
#Hategroup,1,,
#Hawaii,1,,
#Gruber,1,,
#HillaryBros,1,,
#HillaryLandslide,1,,
#HillaryIsANeocon,1,,
#HillaryInHaiti,1,,
#HillaryHatesBlacks,1,,
#HillaryHatesAmerica,1,,
#HillaryForPrison2016,1,,
#HillaryForAmerica,1,,
#HillaryFU,1,,
#HillaryEmails,1,,
#HillaryCare,1,,
#HillaryCages,1,,
#Hillary4Prison2016,1,,
#HeGrabsButHeAlsoSucks,1,,
#Hillary2Jail2016,1,,
#HillNO,1,,
#HilaryClinton,1,,
#HighT,1,,
#HeyAjamu,1,,
#HesWithUs,1,,
#HereToStay,1,,
#HelpUsJesus,1,,
#Heel,1,,
#HecticTv,1,,
#Health,1,,
#GrudgeMatch2,1,,
#GroundhogDay,1,,
#HillaryShortCircuits,1,,
#GlobalHealthCrisis,1,,
#GoHeels,1,,
#GoGreen2016,1,,
#GoFigure,1,,
#GoBroncos,1,,
#GoBlue,1,,
#GoAway,1,,
#GlovesAreOff,1,,
#GloriaAllred,1,,
#Globalization,1,,
#Globalist,1,,
#GlobalWarming,1,,
#GlennMcmillan14,1,,
#GoPackGo,1,,
#GlennBeck,1,,
#GivingCanadianThanks,1,,
#OpTrumpUNFIT,1,,
#GiveItRealThought,1,,
#GirlsOnStocks,1,,
#Ghantagiri,1,,
#GetYourPopcornReady,1,,
#GetEm,1,,
#GetALife,1,,
#GetAGrip,1,,
#Germany,1,,
#GoJamie,1,,
#GoRegister,1,,
#GrotesqueClown,1,,
#GrabHerRightInThePussy,1,,
#GroperJr,1,,
#GropeGate,1,,
#Greens,1,,
#GreenBay,1,,
#Great,1,,
#GraydonCarter,1,,
#GrayLady,1,,
#GrandmaNixon,1,,
#GrandJunction,1,,
#GrabthembyThePussy,1,,
#GrabthemBythePussy,1,,
#GrabHerPussy,1,,
#GoT,1,,
#GrabHerByTheP,1,,
#GrabGate,1,,
#GrabAssDonald,1,,
#Grab,1,,
#Gowdy,1,,
#GottaLoveDeNiro,1,,
#Golf,1,,
#GoldmanSachsTranscripts,1,,
#GodHasLeftTheCountry,1,,
#GodBlessAmerica,1,,
#GoUSA,1,,
#HillaryLies,1,,
#HillaryUnfit,1,,
#DecisionAmerica,1,,
#IfIHadAPetDragon,1,,
#ImWithChristina,1,,
#ImWithAmerica,1,,
#ImThatCool,1,,
#ImNotWithThem,1,,
#ImNervous,1,,
#ImInDemand,1,,
#ImForHer,1,,
#Im,1,,
#Illegals_Voting,1,,
#Illegals,1,,
#Ifanythingwerepossible,1,,
#Iearnsomething,1,,
#ImWithHerS,1,,
#Ie,1,,
#Idiot,1,,
#IamWithHer,1,,
#IamCanadian,1,,
#IWontBelieveItUntilISeeIt,1,,
#IWillVote,1,,
#IWantItThatWay,1,,
#IStandWithTrump,1,,
#IRS,1,,
#IRFNEWS,1,,
#INTERESTING,1,,
#ImWithCobblepot,1,,
#ImWithHillary,1,,
#INDIANA,1,,
#ImwithHer,1,,
#Inners,1,,
#Innercities,1,,
#InlawsOutlaws,1,,
#Injury,1,,
#InfoWars,1,,
#IndustryNews,1,,
#IndictHillary,1,,
#IndiaN,1,,
#Independents,1,,
#Independent,1,,
#IndependenceDay,1,,
#ImwithHER,1,,
#ImWithHim,1,,
#Impuestos,1,,
#Impeachment,1,,
#ImpactDemocracy,1,,
#ImissBernieSanders,1,,
#ImWithher,1,,
#ImWithYHer,1,,
#ImWithStupid,1,,
#ImWithNeither,1,,
#ImWithKer,1,,
#ImWithKaine,1,,
#ImWithJill,1,,
#INGov,1,,
#IN,1,,
#Hillarybecause,1,,
#Hispanics,1,,
#HotNewHipHop,1,,
#Horror,1,,
#Honey17011,1,,
#Holocaust,1,,
#HollywoodNews,1,,
#HollynHeron,1,,
#Hol,1,,
#Hoefling,1,,
#HitnU7jxk054,1,,
#HitlerOrTrump,1,,
#Hitler,1,,
#Hispanic,1,,
#Houston,1,,
#HisWords,1,,
#Hiphop,1,,
#HipHopBreaker,1,,
#HipHopBlog,1,,
#Hindu,1,,
#HillarysPayToPlay,1,,
#HillarysElitism,1,,
#HillarysArmy,1,,
#HillarysAccomplishments,1,,
#Hillarys,1,,
#Hillaryforprison,1,,
#HotSauce,1,,
#HowDidWeGetHere,1,,
#IMwithHER,1,,
#ICHEATED,1,,
#IMWITHHER,1,,
#IMPEACHobama,1,,
#IMDb,1,,
#ILLUMINATI,1,,
#IL10,1,,
#IL,1,,
#IKEA,1,,
#IJS,1,,
#IGNORANCE,1,,
#IFollowback,1,,
#ID,1,,
#IB37wftNst5g,1,,
#HowManyInches,1,,
#IAmWithHer,1,,
#IAGov,1,,
#IAGOP,1,,
#HypocriteHillary,1,,
#Hypocricy,1,,
#Hypermasculinity,1,,
#Hypefailures,1,,
#Hulkster4Pres,1,,
#Huffington,1,,
#HuckabeeEndings,1,,
#HowToEarnMoney,1,,
#GeoIsOverParty,1,,
#Genius,1,,
#Geek,1,,
#Ducks,1,,
#ERNESTZorro,1,,
#ENRYZRBunny,1,,
#ENOUGH,1,,
#ENDORSEMENT,1,,
#EMails,1,,
#ELB,1,,
#DumpTrumpNow,1,,
#DumpRyan,1,,
#DummyTrump,1,,
#DumbassMedia,1,,
#Duke,1,,
#DuPage,1,,
#ESPN,1,,
#DrugTest,1,,
#Drudge,1,,
#Drone,1,,
#Dream,1,,
#Dre_Day_Law,1,,
#Draw,1,,
#DraftDodgerDonald,1,,
#DrJillStein,1,,
#Dr,1,,
#DoublingDownDon,1,,
#Dopey,1,,
#ESLOne,1,,
#EW,1,,
#DontheSecretMuslim,1,,
#ElectionUSA,1,,
#EntertainmentNews,1,,
#EnoughIsEnough,1,,
#Energy,1,,
#EndThePurge,1,,
#EndOfFreeSpeech,1,,
#EndOfAmerica,1,,
#EmailMarketing,1,,
#Elitist,1,,
#ElegantShade,1,,
#ElectoralDissonance,1,,
#ElectionsMatter,1,,
#ElectionLV,1,,
#EastNorthport,1,,
#ElectionHalloweenNames,1,,
#ElectionDay,1,,
#Election16,1,,
#Electing,1,,
#EitherOfThem,1,,
#EgyptWatch,1,,
#Egypt,1,,
#Ego,1,,
#EdTechSandyK,1,,
#Economia,1,,
#EccehomoSetrina,1,,
#Doomsday,1,,
#DontVoteTrump,1,,
#GaysforTrump,1,,
#Describeyourtype,1,,
#DipShit,1,,
#DiiME,1,,
#Dignity_in_the_Oval_Office,1,,
#DigitalPayments,1,,
#Digg,1,,
#DevPro,1,,
#Deutsche,1,,
#DetroitLions,1,,
#DestroyDonald,1,,
#Destroy,1,,
#DesperateGOP,1,,
#DeplorableDonny,1,,
#Dirty,1,,
#DeplorableDon,1,,
#DeplorableCatholics,1,,
#Deny270,1,,
#DemocratParty,1,,
#Democracy,1,,
#DemocRATS,1,,
#DelusionalDonald,1,,
#Delegate,1,,
#DefendThatIfYouWill,1,,
#DefeatGOP,1,,
#DeeplyTroubledWomen,1,,
#Directioner,1,,
#DirtyHarry,1,,
#DonnyTrump,1,,
#Dolts,1,,
#DonnaBrazile,1,,
#Donaldtrump,1,,
#DonaldTrumpVsHillaryClinton,1,,
#DonaldTrumpLogic,1,,
#DonaldTrumpIsOverParty,1,,
#DonaldTrump2016,1,,
#DonaldDuck,1,,
#DonYoung,1,,
#DonTheGroper,1,,
#DonPasquale,1,,
#DonEvansWm,1,,
#DollyParton,1,,
#Disability,1,,
#DollyKyle,1,,
#DollarVigilante,1,,
#Dogged,1,,
#DitchDonald,1,,
#DisqualifyTrump,1,,
#DisparaleAUnManifestante,1,,
#Disneyland,1,,
#DisgustingDonald,1,,
#Disgraceful,1,,
#Disgrace,1,,
#Discovery,1,,
#Entrepreneur,1,,
#EpicFail,1,,
#Eric99a,1,,
#Fox,1,,
#FromTheVault,1,,
#FromTheArchives,1,,
#FridayFeeling,1,,
#Fresno,1,,
#Freemediacoverage,1,,
#FreeSpeech,1,,
#FreeMilo,1,,
#FreeAdvertisements,1,,
#Fraud,1,,
#Foxnews,1,,
#FoxNews2016,1,,
#Forum,1,,
#FuckDonaldTrump,1,,
#ForkHillary,1,,
#Ford,1,,
#ForShameMrsTrumpForShame,1,,
#FoodForThought,1,,
#Followthemoney,1,,
#Followback,1,,
#Foke,1,,
#Flynn,1,,
#Floridavotes,1,,
#FloridaForTrump,1,,
#Floida,1,,
#Frontline,1,,
#FuckGlobalism,1,,
#Esplota,1,,
#GOPTitanic,1,,
#GayPride,1,,
#Gay,1,,
#GaryJohnson2016,1,,
#GaryJOHNSON,1,,
#Gary,1,,
#Gab,1,,
#GaGOP,1,,
#GORDiiTOO,1,,
#GOPsexism,1,,
#GOPloons,1,,
#GOPUnfitQuit,1,,
#GOPRacism,1,,
#FuckNoHillary,1,,
#GOPGrossOldPervs,1,,
#GOPFamilyValues,1,,
#GOPFail,1,,
#GOPClownCar,1,,
#GOHILLARY,1,,
#GMA,1,,
#FundLyme,1,,
#FullRSS,1,,
#FucktheGOP,1,,
#FuckingRetards,1,,
#FuckTrump,1,,
#FlipitDem,1,,
#FleecingAmerica,1,,
#FireForHerBase,1,,
#FJF,1,,
#FYI,1,,
#FUPolitics,1,,
#FUCKTRUMP,1,,
#FOP,1,,
#FOLLOW,1,,
#FOB,1,,
#FNC,1,,
#FMeatball,1,,
#FLSen,1,,
#FLORIDA,1,,
#FL25,1,,
#FILTHY,1,,
#FireBillyBush,1,,
#FEMACamps,1,,
#FACTS,1,,
#ExpressHatred,1,,
#Expat,1,,
#Exclusive,1,,
#Ew,1,,
#EvilWeed,1,,
#EverythingHippie,1,,
#Evangelicals4Justice,1,,
#EvanUT,1,,
#EstablishmentFail,1,,
#FYS106R,1,,
#Face,1,,
#FacePalm,1,,
#Facebook,1,,
#Finanzas,1,,
#Financial,1,,
#Filth,1,,
#FightTheBlind,1,,
#Fight,1,,
#FfelTheBern,1,,
#FelizLunes,1,,
#Fedup,1,,
#Favstar250,1,,
#FavThngs,1,,
#Fascism,1,,
#FarLeft,1,,
#Famous,1,,
#FalseFlag,1,,
#FallOfTheUSA,1,,
#FakeQuotes,1,,
#FakeConservativesForHillary,1,,
#Fake,1,,
#FairShare,1,,
#FailedTaxAudit,1,,
#FailedState,1,,
#Fail,1,,
#FactCheckTrump,1,,
#OpTrumpLIES,1,,
#zumbachforprez,1,,
#OpenBordersRapeCulture,1,,
#johnmcintireshow,1,,
#keepitrational,1,,
#kdvr,1,,
#karma,1,,
#justwords,1,,
#justthebegininng,1,,
#justsaying,1,,
#justlikebengahzi,1,,
#justblondethings,1,,
#justafact,1,,
#js,1,,
#jrn385,1,,
#joke,1,,
#joeBiden,1,,
#lewd,1,,
#jillstein2016,1,,
#jillstein,1,,
#jilevin,1,,
#jewelry,1,,
#jerryfalwelljr,1,,
#jerk,1,,
#jayz,1,,
#jackask,1,,
#ixzz4N6aNGNxm,1,,
#ixzz4MuvmWPmk,1,,
#ixzz4Mp1Uurz3,1,,
#ixzz4MgJ50po1,1,,
#kellyanneconway,1,,
#kellyannethecon,1,,
#kenbonefacts,1,,
#kendricklamar,1,,
#leonardsimpsonTV,1,,
#legal_case_of_harassment,1,,
#legacy,1,,
#leadupchat,1,,
#lds,1,,
#lbc,1,,
#lawyers,1,,
#lawsuit,1,,
#law,1,,
#latinosvote,1,,
#latimes,1,,
#lastword,1,,
#larrytaylor19,1,,
#lancaster,1,,
#lalahhathaway,1,,
#ladders,1,,
#labnol,1,,
#lSLn9T,1,,
#kwgn,1,,
#koolaid,1,,
#kingofdebt,1,,
#kindness,1,,
#kindergartenpolitics,1,,
#killme,1,,
#kidding,1,,
#ixzz4MLvU6Q39,1,,
#itv4,1,,
#itsquietuptown,1,,
#ihatepolitcs,1,,
#idk,1,,
#iamawitness,1,,
#iRegistered,1,,
#iPOst,1,,
#iNews9K,1,,
#iDreamzMedia,1,,
#hypocrite,1,,
#hurricane,1,,
#https,1,,
#hsgovchat,1,,
#howlowwillyougo,1,,
#however,1,,
#hov,1,,
#housing,1,,
#hosting,1,,
#homes,1,,
#holiday,1,,
#hoaxingmedia,1,,
#historyteacher,1,,
#hippocrites,1,,
#hiphopblog,1,,
#hindsight,1,,
#hillyes,1,,
#hilliaryclinton,1,,
#hillbilly,1,,
#idontbelieveyou,1,,
#ihaveavoice,1,,
#itsover,1,,
#illnesspolitics,1,,
#itscrazy,1,,
#itsabillthing,1,,
#itcd,1,,
#itaintover,1,,
#isurvivalskills,1,,
#is,1,,
#irony,1,,
#interview,1,,
#internetricky,1,,
#intellectualtrump,1,,
#inspiringquotes,1,,
#insen,1,,
#inktober2016,1,,
#inktober,1,,
#indiefilm,1,,
#indians,1,,
#india,1,,
#independent,1,,
#inaccurate,1,,
#inNewark,1,,
#imout,1,,
#imnotwithher,1,,
#imissbernie,1,,
#image,1,,
#ilwu,1,,
#lesserworks,1,,
#lf65vJn,1,,
#hillarysemails,1,,
#msmLies,1,,
#nation,1,,
#narcissist,1,,
#narcissism,1,,
#naga,1,,
#n,1,,
#myvote,1,,
#mybabyforpresident,1,,
#my,1,,
#mustwatch,1,,
#multicam,1,,
#mtpol,1,,
#mtpdaily,1,,
#msm,1,,
#liar,1,,
#movie,1,,
#movement,1,,
#motivation,1,,
#motherjones,1,,
#moron,1,,
#moredisgustingeveryday,1,,
#more,1,,
#monterocnn,1,,
#mondaymotivation,1,,
#moms,1,,
#mnleg,1,,
#mmg,1,,
#nauseated,1,,
#navyvet,1,,
#nbcnewsforum,1,,
#nc,1,,
#normal,1,,
#nor,1,,
#nonapology,1,,
#nobody2016,1,,
#no,1,,
#nmpol,1,,
#njp,1,,
#njfuture,1,,
#nicetry,1,,
#nhgop,1,,
#nextfaketrumpvictim,1,,
#newz,1,,
#newstart43,1,,
#newsroom,1,,
#newsrelease,1,,
#newsreads,1,,
#newsnyt,1,,
#newhampshire,1,,
#nevertrumpers,1,,
#neverpunchdown,1,,
#neverkelly,1,,
#neverhiLlARy,1,,
#neverTrumpOrHillary,1,,
#networks,1,,
#ncgovdebate,1,,
#mmbbeba,1,,
#misogynist,1,,
#millenialsfortrump,1,,
#lying,1,,
#lowlife,1,,
#lovethispaper,1,,
#loves_dandelion,1,,
#lotsincommen,1,,
#losers,1,,
#loserdonald,1,,
#lordxmen2k,1,,
#loopholes,1,,
#loophole,1,,
#logo,1,,
#logic,1,,
#lmao,1,,
#livetweeting,1,,
#livefeed,1,,
#livedebate,1,,
#lightmanfoster,1,,
#life,1,,
#libs,1,,
#liberty,1,,
#libertarianism,1,,
#liberals,1,,
#liberal,1,,
#libcrib,1,,
#liars,1,,
#liarliarpantsonfire,1,,
#lyftreviews,1,,
#lyinghillary,1,,
#mikesmith8026,1,,
#lyingliarsthatlie,1,,
#mictap,1,,
#metvhulk,1,,
#merylstreep,1,,
#mercados,1,,
#meow,1,,
#meme,1,,
#meltdown,1,,
#mediasnexttrumplie,1,,
#mediarelations,1,,
#mediabias,1,,
#mcgsecure,1,,
#mazjobrani,1,,
#matthew,1,,
#mastertweeting,1,,
#marijuana,1,,
#mansgame,1,,
#manny,1,,
#manheim,1,,
#malevolentMat,1,,
#makingpssygrabbedagain,1,,
#makedonalddrumpfagain,1,,
#makeamericagropeagain,1,,
#maine,1,,
#machine,1,,
#lynn_weiser,1,,
#hillaryshealth,1,,
#hillaryscandal,1,,
#cnnblackout,1,,
#domian,1,,
#drinking,1,,
#drdre,1,,
#draftdodger,1,,
#drMM,1,,
#doodle,1,,
#dontwasteyourvote,1,,
#dontvote,1,,
#donthecon,1,,
#donewithDonald,1,,
#donaldisscared,1,,
#donaldTweetstorm,1,,
#dominicanrepublic,1,,
#dollyparton,1,,
#ethereum,1,,
#dogpark,1,,
#dog,1,,
#document,1,,
#diycostume,1,,
#disaster,1,,
#disappointment,1,,
#digitalmarketing,1,,
#didyouknow,1,,
#dictatorship,1,,
#dickData,1,,
#diad,1,,
#desperatetimes,1,,
#dropoutoftherace,1,,
#drumpf,1,,
#du1,1,,
#dumbdonald,1,,
#epitaph,1,,
#epayments,1,,
#environment,1,,
#entitlement,1,,
#entertainmentnews,1,,
#energy,1,,
#emlnl,1,,
#emails,1,,
#email,1,,
#elianatrue,1,,
#electionisajoke,1,,
#electionfact,1,,
#eitherwayweredoomed,1,,
#education,1,,
#editorial,1,,
#ed,1,,
#econrivera,1,,
#economics,1,,
#eatwell,1,,
#dumpdrumph,1,,
#dump_,1,,
#dumfux,1,,
#dumbvoters,1,,
#dumbshit,1,,
#dumbesttweet,1,,
#desperate,1,,
#design,1,,
#deplorabletrump,1,,
#crooked,1,,
#cricket,1,,
#creepy,1,,
#cpcldr,1,,
#coward,1,,
#cosen,1,,
#corruption,1,,
#coppednews,1,,
#copols,1,,
#cool,1,,
#contrast,1,,
#constantinople,1,,
#conservatives,1,,
#confused,1,,
#compliance,1,,
#compassion,1,,
#communityscene,1,,
#communication,1,,
#comebackkid,1,,
#college,1,,
#coleg,1,,
#cogVideogames,1,,
#coff33loveit,1,,
#cnnpresidentialdebate,1,,
#cnnnews,1,,
#cnnireport,1,,
#crisiscomms,1,,
#crookedHillary,1,,
#democratic,1,,
#crookedcnn,1,,
#democrat,1,,
#democracysausage,1,,
#demagogue,1,,
#delusional,1,,
#defundpp,1,,
#debatesong,1,,
#debateround2,1,,
#debatedrinking,1,,
#debateNight,1,,
#debateI,1,,
#ddpick18,1,,
#dbag,1,,
#daysofourlives,1,,
#days,1,,
#datajournalism,1,,
#data,1,,
#darkknight,1,,
#dads,1,,
#d,1,,
#cybersecurity,1,,
#cyber,1,,
#cumin,1,,
#cult,1,,
#csg,1,,
#crookedgovernm,1,,
#erie,1,,
#ethics,1,,
#hillarybecause,1,,
#gotham,1,,
#greatfriginquote,1,,
#graphicdesign,1,,
#graphic,1,,
#grammy620,1,,
#graffiti,1,,
#grabthembythepussy,1,,
#grabeminthepussy,1,,
#grabembythepussy,1,,
#govols,1,,
#govchristensen,1,,
#gousa,1,,
#gottawashmyears,1,,
#gopAirplane,1,,
#evenFoxdivided,1,,
#google,1,,
#good,1,,
#golftips,1,,
#golden,1,,
#gold,1,,
#godblessamerica,1,,
#gma,1,,
#globeheads,1,,
#glennbeck,1,,
#givemeanfngbreak,1,,
#girls,1,,
#girlpower,1,,
#greenparty,1,,
#groping,1,,
#groundhogday,1,,
#gryndtymebhrama,1,,
#hillaryAteTheBait,1,,
#hillary2016,1,,
#hilarious,1,,
#highbar,1,,
#hi,1,,
#hewitt,1,,
#hero,1,,
#here,1,,
#henderson,1,,
#help,1,,
#hellno,1,,
#heeheehee,1,,
#healthinnovations,1,,
#headache,1,,
#hauntedpast,1,,
#hatesamericans,1,,
#hate,1,,
#hashtagtrumpisacunt,1,,
#harrisburg,1,,
#harderthanitlooks,1,,
#hardball_chris,1,,
#haiti,1,,
#hairstyles,1,,
#hairpiecegone,1,,
#hAvEYOUhEArd,1,,
#getwhipped,1,,
#getoutthevote2016,1,,
#generationprey,1,,
#flat,1,,
#fitzca,1,,
#fireforeffect,1,,
#fireLewandowski,1,,
#filter,1,,
#filmmaker,1,,
#film,1,,
#ficasocialsecuritytax,1,,
#feminist,1,,
#featured4,1,,
#fashionbloggers,1,,
#farage,1,,
#fallon,1,,
#fair,1,,
#fail,1,,
#facts,1,,
#factcheck2016,1,,
#fact,1,,
#faceinpalm,1,,
#facade,1,,
#extinctionevent,1,,
#exodus,1,,
#exhausted,1,,
#evilhillaryclinton,1,,
#evilbitch,1,,
#eventful,1,,
#fl,1,,
#flimflamDonald,1,,
#garbage,1,,
#following,1,,
#game,1,,
#gallery,1,,
#gZqnFFbrs05y,1,,
#futureofnews,1,,
#fundraising,1,,
#fun,1,,
#fuckdonaldtrump,1,,
#ftvotes,1,,
#freespeech,1,,
#frankinvan,1,,
#fracking,1,,
#foxreport,1,,
#foxnew,1,,
#foxaustin,1,,
#foxandfriends,1,,
#fox10phoenix,1,,
#fox,1,,
#found,1,,
#fortuneteller,1,,
#ford,1,,
#forbes,1,,
#for,1,,
#football,1,,
#foodporn,1,,
#fonews,1,,
#noseflags,1,,
#nosupport,1,,
#notahillaryendorsement,1,,
#trilla,1,,
#trumpbeingtrump,1,,
#trumpbecause,1,,
#trumpbankrupt,1,,
#trumpanzee,1,,
#trumpTapes,1,,
#trumpPence16,1,,
#trumpE,1,,
#trumpAnAttraction,1,,
#trump2005,1,,
#truly,1,,
#truelies,1,,
#true,1,,
#triggered,1,,
#tweetwatch,1,,
#trews,1,,
#travel,1,,
#transparency,1,,
#transition,1,,
#tramp,1,,
#trader,1,,
#trUMP,1,,
#totallyfucked,1,,
#torched,1,,
#topofthepops,1,,
#toomuchmedia,1,,
#tool,1,,
#trumpdrseuss,1,,
#trumpers,1,,
#trumpery,1,,
#trumpfacts,1,,
#tvshows,1,,
#turdpolishing,1,,
#tsarvladimir,1,,
#truther,1,,
#trustfundbaby,1,,
#trumpwin,1,,
#trumpwillwin,1,,
#trumpvideo,1,,
#trumptydance,1,,
#trumptrainwreck,1,,
#trumptownhall,1,,
#trumpsux,1,,
#trumpstalkshillary,1,,
#trumpsleeze,1,,
#trumpsarmy,1,,
#trumpresteddevelopment,1,,
#trumppence2016,1,,
#trumppence,1,,
#trumpnation,1,,
#trumpisnolaughingmatter,1,,
#trumpisdangerous,1,,
#trumpincuba,1,,
#trumpinSandown,1,,
#trumpin2005,1,,
#trumpfoundation,1,,
#tomdaaley,1,,
#tollywood,1,,
#toct,1,,
#tellsitlikeitis,1,,
#teen,1,,
#technos,1,,
#teamdumptrump,1,,
#teamPutin,1,,
#taylorswift,1,,
#taxloopholes,1,,
#taxfraud,1,,
#tape,1,,
#tanka,1,,
#taiping2,1,,
#tables,1,,
#tRump,1,,
#swirling,1,,
#sweg,1,,
#sustainability,1,,
#susanneposel,1,,
#surprise,1,,
#sureal,1,,
#supporttrump2016,1,,
#supporter,1,,
#superdadkovic,1,,
#sundance,1,,
#suchaclown,1,,
#success,1,,
#subtweet,1,,
#teleprompter,1,,
#temperament,1,,
#tmzlive,1,,
#tgif,1,,
#tmz,1,,
#tloc,1,,
#tk,1,,
#tippingpoint,1,,
#timisteve,1,,
#timeofmylife,1,,
#time,1,,
#tiffanytrump,1,,
#tic,1,,
#threats,1,,
#thirdparty,1,,
#thingskidssay,1,,
#theview,1,,
#thestrugglecontinues,1,,
#theredpill,1,,
#therealroseanne,1,,
#thepot,1,,
#thepoliticalBlog,1,,
#themesh,1,,
#themanda_show,1,,
#thefive,1,,
#thedailybeast,1,,
#theapprentice,1,,
#thatmakesmesmart,1,,
#thatMexicanthing,1,,
#tweetitin,1,,
#twisters,1,,
#notfittolead,1,,
#whathasn,1,,
#witnesstoMI,1,,
#wisdems,1,,
#winners,1,,
#wine,1,,
#windians,1,,
#whynow,1,,
#whyimwithevan,1,,
#whybringthem,1,,
#why,1,,
#whiteboymagic,1,,
#whatishappening,1,,
#whathavewedonetodeservethis,1,,
#whatababy,1,,
#twitter,1,,
#westonisbetterthangeo,1,,
#westchester,1,,
#werescrewed2016,1,,
#werescrewed,1,,
#weredonefor,1,,
#wellplayed,1,,
#weirdoheis,1,,
#weddingmba,1,,
#webdev,1,,
#wearables,1,,
#wealthy,1,,
#waytoswayvoters,1,,
#wivote,1,,
#wlwt,1,,
#woai,1,,
#women4hillary,1,,
#zionism,1,,
#z_HZprqAE05u,1,,
#zXl2tKJQs057,1,,
#yugvani,1,,
#yuge,1,,
#youknowit,1,,
#yougogirl,1,,
#youcansaythatagain,1,,
#you,1,,
#ycot,1,,
#yayayarndiva,1,,
#yavapaiblue,1,,
#ya4hillary,1,,
#xenophobic,1,,
#wvpol,1,,
#wvgov,1,,
#wv,1,,
#wtfnews,1,,
#worthit,1,,
#worktogether,1,,
#work,1,,
#wood_brdwood68,1,,
#womenwhovotetrump,1,,
#womensrights,1,,
#womenalsoknowstuff,1,,
#wattersworld,1,,
#watchparty,1,,
#waste,1,,
#vegas,1,,
#veepdebate,1,,
#vanpoli,1,,
#utleg,1,,
#utahrepubs,1,,
#uspol,1,,
#usmedia,1,,
#usmagazine,1,,
#uselection,1,,
#useable,1,,
#usa,1,,
#urajoke,1,,
#uquirk,1,,
#uplikedonaldtrump,1,,
#update,1,,
#unscientificpoll,1,,
#unqualified,1,,
#uniteordie,1,,
#unfit,1,,
#undecidedvoter,1,,
#undecided,1,,
#unbelievable,1,,
#ultimate,1,,
#ugh,1,,
#u2,1,,
#u,1,,
#veganvecoh,1,,
#veryimportant,1,,
#wasntme,1,,
#veterans4trump,1,,
#waronwomen,1,,
#walterwhite,1,,
#wakeupamerica,1,,
#waelex,1,,
#voting,1,,
#voteyourconscience,1,,
#voteyeson4,1,,
#votetrump,1,,
#voterID,1,,
#votelays,1,,
#votegary,1,,
#voteforhillary,1,,
#voteTrump2016,1,,
#voteHillary,1,,
#vote4GOD,1,,
#vote3rdparty,1,,
#vorcomde,1,,
#vlog,1,,
#vinioaraujo,1,,
#vine,1,,
#videos,1,,
#victims,1,,
#victimblaming,1,,
#victim,1,,
#vicepresidential,1,,
#subscriptions,1,,
#subscribe,1,,
#stupidparty,1,,
#podestaemails6,1,,
#popculture,1,,
#popart,1,,
#pop,1,,
#pollywood,1,,
#politicususa,1,,
#politicshour,1,,
#politico,1,,
#politicalnews,1,,
#policy,1,,
#policeshooting,1,,
#poetry,1,,
#poem,1,,
#podestaemails5,1,,
#strujillo075,1,,
#podestaemails2,1,,
#podestaLeak,1,,
#podestaEmails5,1,,
#poTUS,1,,
#po,1,,
#pnpcbc,1,,
#pneumonia,1,,
#pinkfloyd,1,,
#piercedart,1,,
#photo,1,,
#philosophy,1,,
#philly,1,,
#popmusic,1,,
#popstar4prez,1,,
#porkroll,1,,
#potcallingthekettleblack,1,,
#purell,1,,
#puppyknowsbest,1,,
#publicize,1,,
#ptsd,1,,
#pt0,1,,
#psychoticbreak,1,,
#psychopath,1,,
#psychology,1,,
#psycho,1,,
#proudtobepa,1,,
#prolfe,1,,
#prnews,1,,
#priorities,1,,
#priceless,1,,
#prevtweet,1,,
#presidentobama,1,,
#premiumherald,1,,
#prediction,1,,
#predatorpals,1,,
#preach,1,,
#prcctheory1,1,,
#prayforamerica,1,,
#practice,1,,
#pplwakeup,1,,
#potus,1,,
#ph,1,,
#pewdiepie,1,,
#pennsylvania,1,,
#ooid,1,,
#onpoint,1,,
#omg,1,,
#olympics,1,,
#ohsen,1,,
#ohmy,1,,
#oh,1,,
#offroaders4Trump,1,,
#odpdinner16,1,,
#octobersurprise,1,,
#obamacare,1,,
#o4a,1,,
#nzpol,1,,
#nypost,1,,
#nws_247831,1,,
#nws_247676,1,,
#nude,1,,
#nt,1,,
#nowplaying,1,,
#novote,1,,
#novels,1,,
#notsorry,1,,
#notok,1,,
#notnormal,1,,
#nothillary,1,,
#notgood,1,,
#onthefence,1,,
#oops,1,,
#pencewon,1,,
#op,1,,
#peddoc63,1,,
#pdx,1,,
#pd_a_9545213,1,,
#paystoplay,1,,
#patriarchy,1,,
#patfailedus,1,,
#pastors,1,,
#pasen,1,,
#parents,1,,
#paparazzi,1,,
#paidoff,1,,
#paedobritain,1,,
#padems,1,,
#pacquiao,1,,
#pa,1,,
#pTHofi4ygsfcXMLJ,1,,
#p,1,,
#ourmoment,1,,
#orangeprivilege,1,,
#orangelivesmatter,1,,
#opinion,1,,
#ophthalmology,1,,
#openborders,1,,
#openairphotobooth,1,,
#opdeny270,1,,
#purge,1,,
#pussygate,1,,
#pussygrabhand,1,,
#sillyseason,1,,
#sicktrump,1,,
#show,1,,
#shopping,1,,
#shook,1,,
#shoes,1,,
#sharktank,1,,
#shameful,1,,
#shady,1,,
#shadesoffamilyguy,1,,
#sgp,1,,
#sexualpredator,1,,
#sexualharassment,1,,
#sexual,1,,
#sextape,1,,
#seo,1,,
#senate,1,,
#selfmade,1,,
#selfieformikey,1,,
#selfie,1,,
#seemsobvious,1,,
#security,1,,
#secretstream,1,,
#scrooge,1,,
#scranton,1,,
#scotland,1,,
#siime,1,,
#sketch,1,,
#scarystory,1,,
#sketching,1,,
#stopthewaronwomen,1,,
#stopthelies,1,,
#stoptheinsanity,1,,
#stopgamergate,1,,
#stopandfrisk,1,,
#stockstotrade,1,,
#stocks,1,,
#stephenfhayes,1,,
#steelworkers,1,,
#stats,1,,
#startups,1,,
#startouch,1,,
#st_id964774,1,,
#st_id964607,1,,
#srlm,1,,
#splitting,1,,
#sougofollow,1,,
#sorrynotsorry,1,,
#solarwakeup,1,,
#sofake,1,,
#socialnetworking,1,,
#snapchat,1,,
#smmFirst,1,,
#smerconish,1,,
#skincrawling,1,,
#scarythought,1,,
#scarysocial,1,,
#putin,1,,
#rickross,1,,
#retina,1,,
#republicans,1,,
#republican,1,,
#republi,1,,
#repealthe8th,1,,
#relax,1,,
#refugeeswelcome,1,,
#refugees,1,,
#recommend,1,,
#realtime,1,,
#realitytelevision,1,,
#real,1,,
#rapey,1,,
#rapefugees,1,,
#rapecultureis,1,,
#rap,1,,
#random,1,,
#rallytogether,1,,
#radio,1,,
#racism,1,,
#r5n3wEUYm05V,1,,
#r,1,,
#quiverfull,1,,
#querica,1,,
#pwalnuts1156,1,,
#reviews,1,,
#rigged,1,,
#scary,1,,
#right,1,,
#scandal,1,,
#saynototrump,1,,
#sayfie,1,,
#savethe19th,1,,
#saucin,1,,
#sarahmlauren,1,,
#sapiosanct,1,,
#sanfrancisco,1,,
#russian,1,,
#russia,1,,
#rss,1,,
#rsistons,1,,
#royalnews,1,,
#rosarinos,1,,
#rollingstones,1,,
#rolemodel,1,,
#rogerwater,1,,
#rockandrollchef,1,,
#robertdeniro,1,,
#rnc,1,,
#rnb,1,,
#rkba,1,,
#risetoflyy,1,,
#rip2016,1,,
#righton,1,,
#cnnbrk,1,,
#cnelsonv,1,,
#Openborders,1,,
#Sports,1,,
#StateFairOfTx,1,,
#StateDepart,1,,
#StarWars,1,,
#StarTrek,1,,
#StarNEnews,1,,
#Standingovation,1,,
#Stamina,1,,
#StacyBrewer18,1,,
#StaFe,1,,
#Sprache,1,,
#SportsTap,1,,
#SportsCenter,1,,
#SpecialProsecutor,1,,
#SuspectOo,1,,
#SoundingOff,1,,
#SorryNotSorry,1,,
#Sony,1,,
#Solutioneer72,1,,
#SolUru,1,,
#Softball,1,,
#Socktober,1,,
#SocialMediaJobs,1,,
#SoScaryWhen,1,,
#SoProgressive,1,,
#SoHESays,1,,
#SoEvanLightsHisAssOnFire,1,,
#StateRunMedia,1,,
#StayWokeAndVote,1,,
#Steelers,1,,
#Steemit,1,,
#SupremeCourt,1,,
#SupportCoachKennedy,1,,
#SuperpredatorAnyone,1,,
#SupermanHotMale,1,,
#Sundaydebate,1,,
#Sunday,1,,
#SummerZervos,1,,
#StupidDemVoters,1,,
#Students4Trump,1,,
#Students,1,,
#StrongerToGetHer,1,,
#StrongMinded,1,,
#Stories,1,,
#StopThisMadman,1,,
#StopThePresses,1,,
#StopTheElite,1,,
#Stop,1,,
#Stoned,1,,
#StoneHenge,1,,
#Stokes,1,,
#Stocks,1,,
#StillSanders,1,,
#Stigmabase,1,,
#StephMcMurphy,1,,
#SteinBaraka2016,1,,
#Snowden,1,,
#SniffyDonald,1,,
#Sniffles,1,,
#SexualAggression,1,,
#SexistTbh,1,,
#SerialSexAbuser,1,,
#SerialGroper,1,,
#Senin,1,,
#Senators,1,,
#SelenaIsBackParty,1,,
#Seahawks,1,,
#Scranton,1,,
#Scots,1,,
#Scotland,1,,
#Science,1,,
#Schedule,1,,
#Scandal,1,,
#zoltar,1,,
#SayHisName,1,,
#SaveWiu,1,,
#SaudiArabia,1,,
#Saudi,1,,
#SaturdayNightLive,1,,
#SaturdayNighLive,1,,
#SarahKSilverman,1,,
#SantaFe,1,,
#SanDiego,1,,
#SadDay,1,,
#Sad,1,,
#Sexual,1,,
#SexualAssaultIsntFunny,1,,
#SniffSniff,1,,
#SexualPredator,1,,
#Sniff,1,,
#Smile,1,,
#SmartPower,1,,
#SlimJim2123,1,,
#SleepingTiger,1,,
#SleazyTrump,1,,
#SleazeFeed,1,,
#SkimmLife,1,,
#Sissyboys,1,,
#SingleChocolate,1,,
#Sick,1,,
#SiciliaStandUp,1,,
#Showdown,1,,
#Showbiz,1,,
#ShoutNews,1,,
#ShockedFace,1,,
#Shipping,1,,
#Shimmyfab,1,,
#Shill,1,,
#ShesSick,1,,
#Sharpton,1,,
#Share,1,,
#Shameful,1,,
#Shame,1,,
#SexualPredatorTrump,1,,
#SusannePosel,1,,
#Swamy39,1,,
#SYRIA,1,,
#TheLastTimeTrumpPaidTaxes,1,,
#TheyAreAlsoRacists,1,,
#Thenewyorktimes,1,,
#The_Don,1,,
#TheWorst,1,,
#TheTeflonDon,1,,
#TheRiverWanders,1,,
#TheRework,1,,
#ThePerfect,1,,
#TheOneWeDeserve,1,,
#TheOctopus,1,,
#TheNYTimes,1,,
#TheMediaLies,1,,
#TheHamiltones,1,,
#Swine,1,,
#TheEconomist,1,,
#TheDemocrats,1,,
#TheCoeReport,1,,
#TheClintonFoundation,1,,
#TheBriefing2016,1,,
#TheArtOfTheCon,1,,
#The13th,1,,
#ThatMexicanThing,1,,
#Thasnks,1,,
#ThanksObama,1,,
#Thankfull,1,,
#ThankYou,1,,
#TheyreWithHer,1,,
#ThinSkinned,1,,
#ThingsICantRemember,1,,
#ThingsLongerThanBrockTurnersRapeSentence,1,,
#TorontoSun,1,,
#TorontoStar,1,,
#Toronto,1,,
#Top,1,,
#TooLateNowCNN,1,,
#ToneDeaf,1,,
#Tokerware,1,,
#TodayShow,1,,
#ToCatchAPredator,1,,
#Tmariestweets,1,,
#Tips2Trade,1,,
#TinyHands,1,,
#TinCup,1,,
#TiffanyMaples,1,,
#TicTacTrump,1,,
#TicTac,1,,
#ThursdayThoughts,1,,
#ThugLife,1,,
#ThrowInTheTowel,1,,
#ThoseInGlassHouses,1,,
#Thom_Hartmann,1,,
#ThirdParty,1,,
#ThinkBeforeYouSpew,1,,
#ThingsYouTakeToTheGrave,1,,
#ThingsToDo,1,,
#ThankHeavenForEvan,1,,
#Th,1,,
#Tfb,1,,
#TRUMPPENCE16,1,,
#TR,1,,
#TPOT,1,,
#TNYfest,1,,
#TNTweeter,1,,
#TNN,1,,
#TNA,1,,
#TN,1,,
#TMZonTV,1,,
#TMS7,1,,
#TMI,1,,
#TIMEPOY,1,,
#TICTAC,1,,
#THEMBNG,1,,
#THE,1,,
#TEXIT,1,,
#TEN_GOP,1,,
#TENNvsUGA,1,,
#TENNvsTAMU,1,,
#TCNT,1,,
#TAXES,1,,
#T2T,1,,
#T,1,,
#SyrianRefugees,1,,
#SyrRelPol,1,,
#SwingState,1,,
#TRUMP16,1,,
#TRUMPTAPES,1,,
#TextbookPSY101,1,,
#TRump,1,,
#Texas,1,,
#TestHillary,1,,
#Test,1,,
#TerryWogan,1,,
#Terror,1,,
#Terrifying,1,,
#Ternz,1,,
#TenNews,1,,
#Temperament,1,,
#Telegraph,1,,
#Technews,1,,
#TechPro,1,,
#Teamfollowback,1,,
#TeamInstantFollow,1,,
#TeamGov,1,,
#TeamAutoFollow,1,,
#TaxiDriver,1,,
#TaxDodgers,1,,
#Tax,1,,
#Tapes,1,,
#TakeAmericaBack,1,,
#TacoTuesday,1,,
#TYBOGGIENYC,1,,
#TX,1,,
#TVAd,1,,
#Sabres,1,,
#SWIowa,1,,
#cndpoli,1,,
#PleaseShutUpDonald,1,,
#PollEvan,1,,
#Poll,1,,
#PoliticusUSA,1,,
#Politics101,1,,
#Politico,1,,
#Policy,1,,
#PoliceState,1,,
#PodiumGate,1,,
#PodetstaEmails2,1,,
#Podestaemails,1,,
#PodestaFiles,1,,
#PodestaEmail2,1,,
#PizzaIn4Words,1,,
#PunkedOut,1,,
#Pinktober,1,,
#Pink,1,,
#PiggyBank,1,,
#PhraseIt,1,,
#Photography,1,,
#PhosphateForLife,1,,
#PhonyChristian,1,,
#PervTrump,1,,
#PervInChief,1,,
#Perspective,1,,
#PepeTheFrog,1,,
#Pentangeli,1,,
#Pop,1,,
#Porkers,1,,
#PositionPapers,1,,
#PotKettleBlack,1,,
#PublicHealthCrisis,1,,
#ProudtobeaRedneck,1,,
#Protectors,1,,
#ProChoice,1,,
#PrkDR,1,,
#Prison,1,,
#PrinciplesB4Party,1,,
#Primary,1,,
#Priceless,1,,
#PretendSuccessful,1,,
#Presstitutes,1,,
#PressFreedom,1,,
#PresidentialPitch,1,,
#PresidentialElection2016,1,,
#PresidentBernie,1,,
#President,1,,
#PrescottValley,1,,
#Preppers,1,,
#Predictions,1,,
#PredatorTrump,1,,
#PredatorJr,1,,
#Predator,1,,
#PrayersForHaiti,1,,
#PrayersForFlorida,1,,
#PowerAndMoney,1,,
#PeepingDon,1,,
#PedophileTrump,1,,
#Peacepox,1,,
#PUSSY,1,,
#PR0gresista,1,,
#PPzW05v,1,,
#POPCULTURE,1,,
#POLL,1,,
#POC,1,,
#PENCE,1,,
#PASenate,1,,
#PARally,1,,
#PAID,1,,
#PAC,1,,
#P2b,1,,
#P2,1,,
#OwnYourVote,1,,
#OurRevolution,1,,
#OurMoment,1,,
#Ouote,1,,
#OtherHarryPotterSpells,1,,
#OregonStandoff,1,,
#Orangeman,1,,
#OrangeState,1,,
#OrangeIsTheNewBleak,1,,
#OrangeIdiot,1,,
#OrangeHitler,1,,
#Oracal,1,,
#OppositeOfWhatTheMediaWillReport,1,,
#PTSDAwareness,1,,
#PUSSYGRABBER,1,,
#PeaceOffensive,1,,
#PUTINBOY,1,,
#PeaceAtLast,1,,
#PaytoPlay,1,,
#PayYourTaxesDude,1,,
#PayForPlay,1,,
#PatternOfBehavior,1,,
#PatriotAct,1,,
#Patriot,1,,
#PatricktheRedeemer,1,,
#PatRobertson,1,,
#PartyOfPersonalResponsibility,1,,
#ParrotsR,1,,
#ParisHilton,1,,
#ParisAgreement,1,,
#Pariah,1,,
#Paranormal,1,,
#PapoInformivoro,1,,
#Paperback,1,,
#PaperMarioColorSplash,1,,
#PantsOnFIre,1,,
#PanamaCity,1,,
#Panama,1,,
#PaintAPig,1,,
#PaidFamilyLeave,1,,
#Paid,1,,
#Paedo,1,,
#Puffing,1,,
#Pussy,1,,
#SUSANNECRAIG,1,,
#RobinQuivers,1,,
#RuinaDinnerinOnePhrase,1,,
#RuinADinnerinOnePhrase,1,,
#RuPaulsBestFriendsRace,1,,
#RoyalRumbleYoutubero,1,,
#RottenHillary,1,,
#RoshHashanah,1,,
#RopeADope,1,,
#Romney,1,,
#RockTheVote,1,,
#RockNews,1,,
#RockBottom,1,,
#Robotech,1,,
#RobertY87865585,1,,
#PussyRiot,1,,
#RoastCanada,1,,
#Roadtrip,1,,
#RiseUp,1,,
#RipGOP,1,,
#RightSideBroadcasting,1,,
#RiggedDebate,1,,
#Rigged,1,,
#Ridiculous,1,,
#Rick,1,,
#RetinaSubDay,1,,
#RethinkGenderMetaphorsForToughness,1,,
#Resist,1,,
#RunningMan,1,,
#Russian,1,,
#RustBelt,1,,
#RxD,1,,
#STUPIDVOTERS,1,,
#STOPHillary,1,,
#STLCards,1,,
#STFU,1,,
#STAYWOKE,1,,
#SPOILER,1,,
#SOT,1,,
#SOMPOD,1,,
#SOL16,1,,
#SOCIALISM,1,,
#SNP,1,,
#SLCnow,1,,
#SLAMS,1,,
#SK,1,,
#SJW,1,,
#SIUESM16,1,,
#SHAME,1,,
#SFGiants,1,,
#SEO,1,,
#SD,1,,
#SCOTUS,1,,
#SC,1,,
#SAV,1,,
#SABEWNYC16,1,,
#Ryan,1,,
#ResignRyan,1,,
#RepublicansCandidate,1,,
#ReproHealth,1,,
#Rasmussen,1,,
#Rangers,1,,
#Rams,1,,
#Ramazliz,1,,
#RallyTogether,1,,
#RaleighNews,1,,
#Raleigh,1,,
#RaiderNation,1,,
#Radicalislam,1,,
#RacistHillary,1,,
#Racism,1,,
#RUSSIAN,1,,
#RSS,1,,
#RSB,1,,
#ROTUS,1,,
#ROSATOM,1,,
#RNCinCLE,1,,
#RN214,1,,
#RI,1,,
#REFUGEES,1,,
#REDSIG,1,,
#READYFORHILLARY,1,,
#RAZORBACKS,1,,
#R11m09SfJEqS,1,,
#Quotes,1,,
#QueerFilm,1,,
#RapFix,1,,
#ReaganDinner,1,,
#Reporter,1,,
#Real,1,,
#Repealthe19th,1,,
#RepealObamaCare,1,,
#RenewableEnergy,1,,
#Remember,1,,
#ReleaseYourTaxes,1,,
#ReleaseTheTapes,1,,
#ReincePriebus,1,,
#Reince,1,,
#Regular,1,,
#RegisterAndVote,1,,
#Refugees,1,,
#RefugeeCrisis,1,,
#Rediculousness,1,,
#RedfieldForPresident,1,,
#Reddit,1,,
#RedState,1,,
#RedNationRisuing,1,,
#RebrandingOutragetofittheAgenda,1,,
#RealityTV,1,,
#Realist,1,,
#RealPolling,1,,
#RealNews,1,,
#RealMenDontTrump,1,,
#RealDonaldTrump,1,,
#RealAlexJones,1,,
#Totalitarianism,1,,
#TownHall,1,,
#ToxicTrump,1,,
#Youtube,1,,
#abusive,1,,
#abuse,1,,
#abcnews,1,,
#abc7rams,1,,
#abc15,1,,
#abc,1,,
#aarp,1,,
#aao2016,1,,
#a,1,,
#ZombieVote,1,,
#Zero,1,,
#Z89doeselection,1,,
#Youth,1,,
#assault,1,,
#YoureWelcomeAmerica,1,,
#YoureFiredDonald,1,,
#YoureFIRED,1,,
#YoudBeInJail,1,,
#YouWontBeDissapointed,1,,
#YouMightHavePTSD,1,,
#YouMightBeDeplorable,1,,
#YouLost6B,1,,
#YouKnowThatIsIllegalRight,1,,
#YouIn,1,,
#YouBelieveHim,1,,
#YouAreABalloon,1,,
#actualidad,1,,
#admiralmpj,1,,
#adoptmetrump,1,,
#africanamericans,1,,
#artwork,1,,
#article,1,,
#artforgery,1,,
#arizona,1,,
#ari_zucker,1,,
#archive,1,,
#approval,1,,
#aphrodisiac,1,,
#anybodybutpaul,1,,
#antitrump,1,,
#anime,1,,
#android,1,,
#americafirst,1,,
#america2016,1,,
#america,1,,
#alwaysTrump,1,,
#altright,1,,
#allPoliti,1,,
#alec,1,,
#alcs,1,,
#albarjeel,1,,
#alaska,1,,
#aktien,1,,
#ahorriblejoke,1,,
#africansuntimes,1,,
#Yesyesyes,1,,
#YesWeKaine,1,,
#Yemen,1,,
#WomenWhoVot,1,,
#WomenIAdmire,1,,
#WomenDeserveBetter,1,,
#WomenChampion,1,,
#WomenAgainstTrump,1,,
#WolrdNews,1,,
#WizKhalifa,1,,
#WisconsinBacklash,1,,
#Wiscomsin,1,,
#Wine,1,,
#Wilkesbarre,1,,
#WhyTrumpIsUnhinged,1,,
#WhyImWithEvan,1,,
#WhyIHateTwitterIn5Words,1,,
#Whodathunk,1,,
#WhoWillWinLymeVote,1,,
#WhoIsHiding,1,,
#Who,1,,
#Whitegenocide,1,,
#WhiteSupremacy,1,,
#WhiteGenocide,1,,
#WhichOneIsIt,1,,
#WheresHillary,1,,
#WhenImOutShopping,1,,
#WhenIMeditate,1,,
#WhatsYourTrumpScore,1,,
#WomenLifeStyle,1,,
#WomenWontForget,1,,
#Yellen,1,,
#WomenforTrump,1,,
#Yeah,1,,
#Yay4Sexism,1,,
#Yawn,1,,
#Yahoo,1,,
#YIAYslogan,1,,
#YASGRAYLADY,1,,
#Y,1,,
#XSrIn5YCzlqZ,1,,
#XOQY5IHDZ053,1,,
#XFactor,1,,
#WrongTrack,1,,
#WrongSideOfHistory,1,,
#WriteInBernie,1,,
#WriteArticle,1,,
#WrathMagik,1,,
#Wrap,1,,
#WouldYouKissThisThing,1,,
#WorryAmerica,1,,
#WorldSmileDay,1,,
#WorldNewsTonight,1,,
#WorldNews,1,,
#WorldGovt,1,,
#WontVote,1,,
#WomensRights,1,,
#WomensMentalHealth,1,,
#ascj200,1,,
#atheism,1,,
#Trevor4Prez,1,,
#busines,1,,
#cartoons,1,,
#cartoon,1,,
#carolina,1,,
#caracasdata,1,,
#capolitics,1,,
#capitalism,1,,
#cansmellthedesperationfromhere,1,,
#cancerland,1,,
#campaign,1,,
#byebilly,1,,
#bye,1,,
#businesstravel,1,,
#bull,1,,
#atheist,1,,
#buffett,1,,
#bs,1,,
#bruce_arthur,1,,
#broncoscountry,1,,
#breitbarttv,1,,
#breakingn,1,,
#branding,1,,
#boycottCNN,1,,
#bothevil,1,,
#boston,1,,
#borat,1,,
#bollywood,1,,
#cat,1,,
#catalishus,1,,
#catholic,1,,
#celebrities,1,,
#clownsightings,1,,
#clowns,1,,
#clownlivesmatter,1,,
#clorox,1,,
#clintonrape,1,,
#clintonkaine,1,,
#climatehour,1,,
#clickbait,1,,
#cleantech,1,,
#classylady,1,,
#city,1,,
#citizensfortrump,1,,
#chunchodiaz,1,,
#choice,1,,
#chirprn,1,,
#chip,1,,
#chia,1,,
#chesterarthur,1,,
#cheating,1,,
#cheaptactics,1,,
#charity,1,,
#character,1,,
#champion,1,,
#chairs,1,,
#chad,1,,
#bokep,1,,
#boes_rex,1,,
#blueocean5454,1,,
#beatit,1,,
#basketofdeplorables,1,,
#basketofadorables,1,,
#basic,1,,
#bashed,1,,
#basementDwellers,1,,
#barclay,1,,
#barbaraward235,1,,
#barackobama,1,,
#bannerite,1,,
#bakobizcon,1,,
#bag,1,,
#badboytalk,1,,
#backlink,1,,
#ba1202,1,,
#b,1,,
#azvictory,1,,
#azright,1,,
#awesome,1,,
#awardwinner,1,,
#aviation,1,,
#avgeek,1,,
#auspols,1,,
#augenklinik_muc,1,,
#audio,1,,
#attorney,1,,
#basketofdeplrables,1,,
#bees,1,,
#blogs,1,,
#believeme,1,,
#blog,1,,
#blm,1,,
#bling,1,,
#blasphemy,1,,
#blackvotesmatter,1,,
#blackvoters,1,,
#blacksfortrump,1,,
#blacklivesmatter,1,,
#bitcoin,1,,
#birthers,1,,
#biology,1,,
#billionaires,1,,
#billclintonsunderwear,1,,
#billclinton,1,,
#billary,1,,
#billClinton,1,,
#bikers,1,,
#bigotry,1,,
#bighollywood,1,,
#biasmedia,1,,
#biased,1,,
#biLL,1,,
#bevhills,1,,
#bettercandidate,1,,
#berkeleyideas,1,,
#WhatsThePlan,1,,
#WhatYouDontSeeOnTV,1,,
#WhatTheWhat,1,,
#TrumpVsAllOfUs,1,,
#Trumpisapervert,1,,
#Trumpisanabuser,1,,
#TrumpisanAbuser,1,,
#TrumpisAnAbuser,1,,
#TrumpinScotland,1,,
#Trumphoaxer,1,,
#Trumpery,1,,
#TrumpedUpTrickleDown,1,,
#TrumpdidMatthew,1,,
#Trumpdebate,1,,
#TrumpWon,1,,
#TrumpWithdraw,1,,
#TrumpVettedStupid,1,,
#WhatTheMediaWontTellYou,1,,
#TrumpUnmasked,1,,
#TrumpUnleashed,1,,
#TrumpUnfit,1,,
#TrumpTruth,1,,
#TrumpTrainPunked,1,,
#TrumpTrain2016,1,,
#TrumpTownhallQuestions,1,,
#TrumpTownhall,1,,
#TrumpTeam,1,,
#TrumpTaxAvoidance,1,,
#TrumpTax,1,,
#TrumpTanic,1,,
#Trumpkin,1,,
#Trumpkins,1,,
#Trumplosion,1,,
#Trumpocalypse,1,,
#U,1,,
#TypicalRepublicanScum,1,,
#TwitterVerse,1,,
#TwitterNewsChat,1,,
#TwitterMoments,1,,
#TwitterCensors,1,,
#TwitterAttackTrump,1,,
#Tweetmybrands,1,,
#TuesdayMotivation,1,,
#Tuesday,1,,
#Trunp2,1,,
#Trumptrasheswomen,1,,
#Trumptaxreturns,1,,
#Trumptaxes,1,,
#Trumpsterfire,1,,
#Trumpsplain,1,,
#TrumpsWay,1,,
#TrumpsStooges,1,,
#TrumpsDishonestyGiveNewMeaningToSleazebag,1,,
#TrumpsASexualPredator,1,,
#TrumpsAPredator,1,,
#Trumprally,1,,
#Trumppence16,1,,
#Trumppence,1,,
#Trumpocrats,1,,
#TrumpTakesOnBoston,1,,
#TrumpSupportersTheNewBrownShirts,1,,
#TrumpSupporters,1,,
#TrumpIsAnAbuser,1,,
#TrumpInLancaster,1,,
#TrumpIgnorance,1,,
#TrumpHurricaneTips,1,,
#TrumpHotel,1,,
#TrumpHotMic,1,,
#TrumpHiveMind,1,,
#TrumpHiresPimp,1,,
#TrumpHeadlines,1,,
#TrumpFraud,1,,
#TrumpForPresident,1,,
#TrumpFail,1,,
#TrumpFacts,1,,
#TrumpEffect,1,,
#TrumpDumped,1,,
#TrumpDoingTheRightThing,1,,
#TrumpDems,1,,
#TrumpCovets,1,,
#TrumpConJob,1,,
#TrumpBecause,1,,
#TrumpAssaultExcuses,1,,
#TrumpArmy,1,,
#TrueFacts,1,,
#Troubling,1,,
#TrollsEverywhere,1,,
#Trilary,1,,
#TrumpInNC,1,,
#TrumpIsArapist,1,,
#TrumpSmallHands,1,,
#TrumpIsRight,1,,
#TrumpSexualAssault,1,,
#TrumpSexOffender,1,,
#TrumpRocks,1,,
#TrumpRebellion,1,,
#TrumpRapeLawsuit,1,,
#TrumpRallyChi,1,,
#TrumpRacist,1,,
#TrumpPutin2016,1,,
#TrumpProfanity,1,,
#TrumpPense16,1,,
#TrumpPCB,1,,
#TrumpOnlyHasSexOnHisMind,1,,
#TrumpNC,1,,
#TrumpMovement,1,,
#TrumpLyingScumbag,1,,
#TrumpLovers,1,,
#TrumpLogic,1,,
#TrumpLive,1,,
#TrumpLawsuits,1,,
#TrumpLandslide,1,,
#TrumpLacksDecency,1,,
#TrumpJoker,1,,
#TrumpIsWithYou,1,,
#TrumpIsWinning,1,,
#TrumpIsSettingUsBack,1,,
#UCWRadio,1,,
#UDelAgenda,1,,
#UDelagenda,1,,
#WWJD,1,,
#WVdebate,1,,
#WTOP,1,,
#WTC7,1,,
#WSSU,1,,
#WS,1,,
#WORSTCOUPLEEVER,1,,
#WORLD,1,,
#WOMENS,1,,
#WOMEN,1,,
#WISen,1,,
#WIRED,1,,
#WIKILEAK,1,,
#WI,1,,
#WH,1,,
#WBRCandme,1,,
#WATCH,1,,
#Votolatino,1,,
#Votegary,1,,
#VoteYourFuture,1,,
#VoteTrumpPence,1,,
#VoteThenGetOut,1,,
#VoteTRUMP,1,,
#VoteOutGOP,1,,
#VoteJohnson,1,,
#VoteJillDumpHill,1,,
#WWENoMercy,1,,
#WWSS,1,,
#VoteHillary,1,,
#WYKO_NEWS,1,,
#WhatNow,1,,
#What,1,,
#WestWing,1,,
#WellDone,1,,
#Weddings,1,,
#WebMD,1,,
#WebDevelopment,1,,
#WebDesign,1,,
#WearRed4Trump,1,,
#WeTriedToWarnYou,1,,
#WeSAWIt,1,,
#WeNeedTrump,1,,
#WeMustFindACure,1,,
#WeHaveHadEnough,1,,
#WeForgiveTrump,1,,
#WeDontHearHim,1,,
#WeDeserveBetter,1,,
#WeAreWithHer,1,,
#WeAreTrump,1,,
#WashingMyEarsOut,1,,
#WasAGameChanger,1,,
#WakeUpPeople,1,,
#WakeUpAmerIca,1,,
#Wake,1,,
#WaPo,1,,
#VoteHillaryClinton4POTUS,1,,
#VoteForOurFuture,1,,
#UGAGD16,1,,
#UnhingedDonald,1,,
#UnfittoLead,1,,
#UnfitMegalomaniac,1,,
#UnfitForPresident,1,,
#UnfitDonald,1,,
#Unbothered,1,,
#Unbelievable,1,,
#UnTrusTed,1,,
#UnFollowTrump,1,,
#UX,1,,
#UTPA,1,,
#UTAH,1,,
#UT,1,,
#USvotes,1,,
#USpol,1,,
#USPresidentialRace2016,1,,
#USElections,1,,
#USCG,1,,
#USArmy,1,,
#USA2016,1,,
#US2016,1,,
#URANIUM,1,,
#UPDATE,1,,
#UNESCO,1,,
#UKOK,1,,
#UKIP,1,,
#UnfollowTrump,1,,
#Uniteblue,1,,
#VoteBlueSlate,1,,
#UnitedDemHQ,1,,
#VoteBLUE,1,,
#Vote4Trump,1,,
#Vote4Hillary,1,,
#VinScully,1,,
#Vimeo,1,,
#Victory,1,,
#VictorNewmanForPresident,1,,
#VeteransAgainstTrump,1,,
#Veterans4Trump,1,,
#VerbalDiarrhea,1,,
#Variety,1,,
#Vaginavoters,1,,
#VaginaVoters,1,,
#Vagina,1,,
#VULGAR,1,,
#VT,1,,
#VRA,1,,
#VOX,1,,
#VOTEhatefuckKILL,1,,
#VOTEORLYTAITZ,1,,
#VOTE4TRUMP,1,,
#VICTIM,1,,
#Utpol,1,,
#Unshackled,1,,
#UnitedInOrange,1,,
#SayNoToTrump,1,,